"source"	"driver_association"	"signed_driver_device_id"	"classification"	"package_root"	"easy_destination"	"current_destination"	"present_in_manifest"	"sha256"	"length"	"version"
"C:\windows\inf\oem59.inf"	"Win32_PNPSignedDriverCIMDataFile"	"PCI\VEN_10DE&DEV_2D05&SUBSYS_8A151043&REV_A1\95B0EB63032DB04800"	"non-DriverStore"	""	"C:\windows\inf\oem59.inf"	""	"False"	"1ca553b7c9518e953b0ac35950750b4dbcd64a4c5c48c7638c49405f499a9dfb"	"693662"	
"C:\windows\system32\drivers\nvidia corporation\drs\dbinstaller.exe"	"Win32_PNPSignedDriverCIMDataFile"	"PCI\VEN_10DE&DEV_2D05&SUBSYS_8A151043&REV_A1\95B0EB63032DB04800"	"non-DriverStore"	""	"C:\windows\system32\drivers\nvidia corporation\drs\dbinstaller.exe"	""	"False"	"d88256ad1a1ff8cd5b74391431ddac96f404d8a8613145d0e68eab82e3b74f6a"	"831208"	"32.0.16.1692"
"C:\windows\system32\drivers\nvidia corporation\drs\nvdrsdb.bin"	"Win32_PNPSignedDriverCIMDataFile"	"PCI\VEN_10DE&DEV_2D05&SUBSYS_8A151043&REV_A1\95B0EB63032DB04800"	"non-DriverStore"	""	"C:\windows\system32\drivers\nvidia corporation\drs\nvdrsdb.bin"	""	"False"	"71d7aac8886d9d42e720999e89e731e7eb0eb3f7b6d2c765e304d0b59f671ea7"	"1495976"	
"C:\windows\system32\drivers\nvidia corporation\license.txt"	"Win32_PNPSignedDriverCIMDataFile"	"PCI\VEN_10DE&DEV_2D05&SUBSYS_8A151043&REV_A1\95B0EB63032DB04800"	"non-DriverStore"	""	"C:\windows\system32\drivers\nvidia corporation\license.txt"	""	"False"	"9006e6f9ac1be55664f872c0f80f5837c566e9ba92590139102a0d184e1041d8"	"55339"	
"C:\windows\system32\driverstore\filerepository\nv_dispi.inf_amd64_b20cc8aeaed64fc2\_nvngx.dll"	"Win32_PNPSignedDriverCIMDataFile"	"PCI\VEN_10DE&DEV_2D05&SUBSYS_8A151043&REV_A1\95B0EB63032DB04800"	"DriverStore"	"c:\windows\system32\driverstore\filerepository\nv_dispi.inf_amd64_b20cc8aeaed64fc2"	"C:\windows\system32\HostDriverStore\filerepository\nv_dispi.inf_amd64_b20cc8aeaed64fc2\_nvngx.dll"	"C:\windows\system32\HostDriverStore\filerepository\nv_dispi.inf_amd64_b20cc8aeaed64fc2\_nvngx.dll"	"True"	"91d3742f0df3f2dd85141fa39ea257f7b9243c3e6755cd7fea894c721e7491aa"	"1428200"	"32.0.16.1692"
"C:\windows\system32\driverstore\filerepository\nv_dispi.inf_amd64_b20cc8aeaed64fc2\dbInstaller.exe"	"whole service/associated package tree"	"PCI\VEN_10DE&DEV_2D05&SUBSYS_8A151043&REV_A1\95B0EB63032DB04800"	"DriverStore"	"c:\windows\system32\driverstore\filerepository\nv_dispi.inf_amd64_b20cc8aeaed64fc2"	"C:\windows\system32\HostDriverStore\filerepository\nv_dispi.inf_amd64_b20cc8aeaed64fc2\dbInstaller.exe"	"C:\windows\system32\HostDriverStore\filerepository\nv_dispi.inf_amd64_b20cc8aeaed64fc2\dbInstaller.exe"	"True"	"d88256ad1a1ff8cd5b74391431ddac96f404d8a8613145d0e68eab82e3b74f6a"	"831208"	"32.0.16.1692"
"C:\windows\system32\driverstore\filerepository\nv_dispi.inf_amd64_b20cc8aeaed64fc2\Display.NvContainer\arguments.txt"	"Win32_PNPSignedDriverCIMDataFile"	"PCI\VEN_10DE&DEV_2D05&SUBSYS_8A151043&REV_A1\95B0EB63032DB04800"	"DriverStore"	"c:\windows\system32\driverstore\filerepository\nv_dispi.inf_amd64_b20cc8aeaed64fc2"	"C:\windows\system32\HostDriverStore\filerepository\nv_dispi.inf_amd64_b20cc8aeaed64fc2\Display.NvContainer\arguments.txt"	"C:\windows\system32\HostDriverStore\filerepository\nv_dispi.inf_amd64_b20cc8aeaed64fc2\Display.NvContainer\arguments.txt"	"True"	"74d0c1d150cbd6737cda16ca009545c4cfe2688b2eadd0b8aa2c2e962c12c296"	"218"	
"C:\windows\system32\driverstore\filerepository\nv_dispi.inf_amd64_b20cc8aeaed64fc2\Display.NvContainer\dlsargs.xml"	"Win32_PNPSignedDriverCIMDataFile"	"PCI\VEN_10DE&DEV_2D05&SUBSYS_8A151043&REV_A1\95B0EB63032DB04800"	"DriverStore"	"c:\windows\system32\driverstore\filerepository\nv_dispi.inf_amd64_b20cc8aeaed64fc2"	"C:\windows\system32\HostDriverStore\filerepository\nv_dispi.inf_amd64_b20cc8aeaed64fc2\Display.NvContainer\dlsargs.xml"	"C:\windows\system32\HostDriverStore\filerepository\nv_dispi.inf_amd64_b20cc8aeaed64fc2\Display.NvContainer\dlsargs.xml"	"True"	"2c1475bcbd55f9257f43ca5c9857c74a775bafd043e38ae61241a02401b1e55d"	"544"	
"C:\windows\system32\driverstore\filerepository\nv_dispi.inf_amd64_b20cc8aeaed64fc2\Display.NvContainer\dlsnetparams.csv"	"Win32_PNPSignedDriverCIMDataFile"	"PCI\VEN_10DE&DEV_2D05&SUBSYS_8A151043&REV_A1\95B0EB63032DB04800"	"DriverStore"	"c:\windows\system32\driverstore\filerepository\nv_dispi.inf_amd64_b20cc8aeaed64fc2"	"C:\windows\system32\HostDriverStore\filerepository\nv_dispi.inf_amd64_b20cc8aeaed64fc2\Display.NvContainer\dlsnetparams.csv"	"C:\windows\system32\HostDriverStore\filerepository\nv_dispi.inf_amd64_b20cc8aeaed64fc2\Display.NvContainer\dlsnetparams.csv"	"True"	"5ada4ede86063ba834f42b6d6048dec3082007eac87fac885f75979bb8f23056"	"2653744"	
"C:\windows\system32\driverstore\filerepository\nv_dispi.inf_amd64_b20cc8aeaed64fc2\Display.NvContainer\messagebus_client.conf"	"Win32_PNPSignedDriverCIMDataFile"	"PCI\VEN_10DE&DEV_2D05&SUBSYS_8A151043&REV_A1\95B0EB63032DB04800"	"DriverStore"	"c:\windows\system32\driverstore\filerepository\nv_dispi.inf_amd64_b20cc8aeaed64fc2"	"C:\windows\system32\HostDriverStore\filerepository\nv_dispi.inf_amd64_b20cc8aeaed64fc2\Display.NvContainer\messagebus_client.conf"	"C:\windows\system32\HostDriverStore\filerepository\nv_dispi.inf_amd64_b20cc8aeaed64fc2\Display.NvContainer\messagebus_client.conf"	"True"	"b0fb265ffec9dc0fa106379444aea2977c1974d0237c59856f6e816cebb84b85"	"313"	
"C:\windows\system32\driverstore\filerepository\nv_dispi.inf_amd64_b20cc8aeaed64fc2\Display.NvContainer\NvContainerRecovery.bat"	"Win32_PNPSignedDriverCIMDataFile"	"PCI\VEN_10DE&DEV_2D05&SUBSYS_8A151043&REV_A1\95B0EB63032DB04800"	"DriverStore"	"c:\windows\system32\driverstore\filerepository\nv_dispi.inf_amd64_b20cc8aeaed64fc2"	"C:\windows\system32\HostDriverStore\filerepository\nv_dispi.inf_amd64_b20cc8aeaed64fc2\Display.NvContainer\NvContainerRecovery.bat"	"C:\windows\system32\HostDriverStore\filerepository\nv_dispi.inf_amd64_b20cc8aeaed64fc2\Display.NvContainer\NvContainerRecovery.bat"	"True"	"10102167feff89eb1170c6aaa6bd5871446854aef5cbf05bf82b2fb3a4e2ca76"	"1951"	
"C:\windows\system32\driverstore\filerepository\nv_dispi.inf_amd64_b20cc8aeaed64fc2\Display.NvContainer\NVDisplay.Container.exe"	"Win32_PNPSignedDriverCIMDataFile"	"PCI\VEN_10DE&DEV_2D05&SUBSYS_8A151043&REV_A1\95B0EB63032DB04800"	"DriverStore"	"c:\windows\system32\driverstore\filerepository\nv_dispi.inf_amd64_b20cc8aeaed64fc2"	"C:\windows\system32\HostDriverStore\filerepository\nv_dispi.inf_amd64_b20cc8aeaed64fc2\Display.NvContainer\NVDisplay.Container.exe"	"C:\windows\system32\HostDriverStore\filerepository\nv_dispi.inf_amd64_b20cc8aeaed64fc2\Display.NvContainer\NVDisplay.Container.exe"	"True"	"ebca59852bc17071f6f33d901ba5e520a08294c005a1248a9099b6ac0087769e"	"1702632"	""
"C:\windows\system32\driverstore\filerepository\nv_dispi.inf_amd64_b20cc8aeaed64fc2\Display.NvContainer\nvgwls.exe"	"Win32_PNPSignedDriverCIMDataFile"	"PCI\VEN_10DE&DEV_2D05&SUBSYS_8A151043&REV_A1\95B0EB63032DB04800"	"DriverStore"	"c:\windows\system32\driverstore\filerepository\nv_dispi.inf_amd64_b20cc8aeaed64fc2"	"C:\windows\system32\HostDriverStore\filerepository\nv_dispi.inf_amd64_b20cc8aeaed64fc2\Display.NvContainer\nvgwls.exe"	"C:\windows\system32\HostDriverStore\filerepository\nv_dispi.inf_amd64_b20cc8aeaed64fc2\Display.NvContainer\nvgwls.exe"	"True"	"4cbf75b6c1506967dbd5f9acdf5aa63e7307de5df1a76f678161a05c7507adb5"	"3727080"	
"C:\windows\system32\driverstore\filerepository\nv_dispi.inf_amd64_b20cc8aeaed64fc2\Display.NvContainer\NvMessageBus.dll"	"Win32_PNPSignedDriverCIMDataFile"	"PCI\VEN_10DE&DEV_2D05&SUBSYS_8A151043&REV_A1\95B0EB63032DB04800"	"DriverStore"	"c:\windows\system32\driverstore\filerepository\nv_dispi.inf_amd64_b20cc8aeaed64fc2"	"C:\windows\system32\HostDriverStore\filerepository\nv_dispi.inf_amd64_b20cc8aeaed64fc2\Display.NvContainer\NvMessageBus.dll"	"C:\windows\system32\HostDriverStore\filerepository\nv_dispi.inf_amd64_b20cc8aeaed64fc2\Display.NvContainer\NvMessageBus.dll"	"True"	"e89f4528d79d52243abdd03bdeb315f802eacdb8be8b6a3d98a6ba06e3b21928"	"3543272"	""
"C:\windows\system32\driverstore\filerepository\nv_dispi.inf_amd64_b20cc8aeaed64fc2\Display.NvContainer\nvtopps.db3"	"Win32_PNPSignedDriverCIMDataFile"	"PCI\VEN_10DE&DEV_2D05&SUBSYS_8A151043&REV_A1\95B0EB63032DB04800"	"DriverStore"	"c:\windows\system32\driverstore\filerepository\nv_dispi.inf_amd64_b20cc8aeaed64fc2"	"C:\windows\system32\HostDriverStore\filerepository\nv_dispi.inf_amd64_b20cc8aeaed64fc2\Display.NvContainer\nvtopps.db3"	"C:\windows\system32\HostDriverStore\filerepository\nv_dispi.inf_amd64_b20cc8aeaed64fc2\Display.NvContainer\nvtopps.db3"	"True"	"bddea98cebdf27138174d5df1b5a2bdf1eb1f6a70ab653fc5556afd34677ebee"	"139264"	
"C:\windows\system32\driverstore\filerepository\nv_dispi.inf_amd64_b20cc8aeaed64fc2\Display.NvContainer\plugins\LocalSystem\_DisplayDriverRAS.dll"	"Win32_PNPSignedDriverCIMDataFile"	"PCI\VEN_10DE&DEV_2D05&SUBSYS_8A151043&REV_A1\95B0EB63032DB04800"	"DriverStore"	"c:\windows\system32\driverstore\filerepository\nv_dispi.inf_amd64_b20cc8aeaed64fc2"	"C:\windows\system32\HostDriverStore\filerepository\nv_dispi.inf_amd64_b20cc8aeaed64fc2\Display.NvContainer\plugins\LocalSystem\_DisplayDriverRAS.dll"	"C:\windows\system32\HostDriverStore\filerepository\nv_dispi.inf_amd64_b20cc8aeaed64fc2\Display.NvContainer\plugins\LocalSystem\_DisplayDriverRAS.dll"	"True"	"cf0ff471f24067d8681a87832e0484ec358abe0e9301886f0563efdbb3053842"	"2564840"	""
"C:\windows\system32\driverstore\filerepository\nv_dispi.inf_amd64_b20cc8aeaed64fc2\Display.NvContainer\plugins\LocalSystem\_NvMsgBusBroadcast.dll"	"Win32_PNPSignedDriverCIMDataFile"	"PCI\VEN_10DE&DEV_2D05&SUBSYS_8A151043&REV_A1\95B0EB63032DB04800"	"DriverStore"	"c:\windows\system32\driverstore\filerepository\nv_dispi.inf_amd64_b20cc8aeaed64fc2"	"C:\windows\system32\HostDriverStore\filerepository\nv_dispi.inf_amd64_b20cc8aeaed64fc2\Display.NvContainer\plugins\LocalSystem\_NvMsgBusBroadcast.dll"	"C:\windows\system32\HostDriverStore\filerepository\nv_dispi.inf_amd64_b20cc8aeaed64fc2\Display.NvContainer\plugins\LocalSystem\_NvMsgBusBroadcast.dll"	"True"	"fc990d36f7e5731e2bf57349126cf7f8d985ae559dd635b4d2284a7cedd5b0a5"	"3529960"	""
"C:\windows\system32\driverstore\filerepository\nv_dispi.inf_amd64_b20cc8aeaed64fc2\Display.NvContainer\plugins\LocalSystem\_nvtopps.dll"	"Win32_PNPSignedDriverCIMDataFile"	"PCI\VEN_10DE&DEV_2D05&SUBSYS_8A151043&REV_A1\95B0EB63032DB04800"	"DriverStore"	"c:\windows\system32\driverstore\filerepository\nv_dispi.inf_amd64_b20cc8aeaed64fc2"	"C:\windows\system32\HostDriverStore\filerepository\nv_dispi.inf_amd64_b20cc8aeaed64fc2\Display.NvContainer\plugins\LocalSystem\_nvtopps.dll"	"C:\windows\system32\HostDriverStore\filerepository\nv_dispi.inf_amd64_b20cc8aeaed64fc2\Display.NvContainer\plugins\LocalSystem\_nvtopps.dll"	"True"	"4d491698790074c16bc3daa819b4b4f95cfac263664ee28ceebfa4a22bf3c068"	"14325480"	"32.0.16.1692"
"C:\windows\system32\driverstore\filerepository\nv_dispi.inf_amd64_b20cc8aeaed64fc2\Display.NvContainer\plugins\LocalSystem\messagebus.conf"	"Win32_PNPSignedDriverCIMDataFile"	"PCI\VEN_10DE&DEV_2D05&SUBSYS_8A151043&REV_A1\95B0EB63032DB04800"	"DriverStore"	"c:\windows\system32\driverstore\filerepository\nv_dispi.inf_amd64_b20cc8aeaed64fc2"	"C:\windows\system32\HostDriverStore\filerepository\nv_dispi.inf_amd64_b20cc8aeaed64fc2\Display.NvContainer\plugins\LocalSystem\messagebus.conf"	"C:\windows\system32\HostDriverStore\filerepository\nv_dispi.inf_amd64_b20cc8aeaed64fc2\Display.NvContainer\plugins\LocalSystem\messagebus.conf"	"True"	"b0fb265ffec9dc0fa106379444aea2977c1974d0237c59856f6e816cebb84b85"	"313"	
"C:\windows\system32\driverstore\filerepository\nv_dispi.inf_amd64_b20cc8aeaed64fc2\Display.NvContainer\plugins\LocalSystem\NvcDispCorePlugin.dll"	"Win32_PNPSignedDriverCIMDataFile"	"PCI\VEN_10DE&DEV_2D05&SUBSYS_8A151043&REV_A1\95B0EB63032DB04800"	"DriverStore"	"c:\windows\system32\driverstore\filerepository\nv_dispi.inf_amd64_b20cc8aeaed64fc2"	"C:\windows\system32\HostDriverStore\filerepository\nv_dispi.inf_amd64_b20cc8aeaed64fc2\Display.NvContainer\plugins\LocalSystem\NvcDispCorePlugin.dll"	"C:\windows\system32\HostDriverStore\filerepository\nv_dispi.inf_amd64_b20cc8aeaed64fc2\Display.NvContainer\plugins\LocalSystem\NvcDispCorePlugin.dll"	"True"	"066211ce1a15e34cee2e855d2fd3028ac52c498f022f250d0fec49517ad4e6a3"	"1081064"	"32.0.16.1692"
"C:\windows\system32\driverstore\filerepository\nv_dispi.inf_amd64_b20cc8aeaed64fc2\Display.NvContainer\plugins\LocalSystem\NvcDispWatchdog.dll"	"Win32_PNPSignedDriverCIMDataFile"	"PCI\VEN_10DE&DEV_2D05&SUBSYS_8A151043&REV_A1\95B0EB63032DB04800"	"DriverStore"	"c:\windows\system32\driverstore\filerepository\nv_dispi.inf_amd64_b20cc8aeaed64fc2"	"C:\windows\system32\HostDriverStore\filerepository\nv_dispi.inf_amd64_b20cc8aeaed64fc2\Display.NvContainer\plugins\LocalSystem\NvcDispWatchdog.dll"	"C:\windows\system32\HostDriverStore\filerepository\nv_dispi.inf_amd64_b20cc8aeaed64fc2\Display.NvContainer\plugins\LocalSystem\NvcDispWatchdog.dll"	"True"	"c79a0ff2e20d20de1405f1e82f232bbb63e6d63bb4dc8599810cbb38c7dd3d3c"	"1278184"	""
"C:\windows\system32\driverstore\filerepository\nv_dispi.inf_amd64_b20cc8aeaed64fc2\Display.NvContainer\plugins\LocalSystem\NvXDCore.dll"	"Win32_PNPSignedDriverCIMDataFile"	"PCI\VEN_10DE&DEV_2D05&SUBSYS_8A151043&REV_A1\95B0EB63032DB04800"	"DriverStore"	"c:\windows\system32\driverstore\filerepository\nv_dispi.inf_amd64_b20cc8aeaed64fc2"	"C:\windows\system32\HostDriverStore\filerepository\nv_dispi.inf_amd64_b20cc8aeaed64fc2\Display.NvContainer\plugins\LocalSystem\NvXDCore.dll"	"C:\windows\system32\HostDriverStore\filerepository\nv_dispi.inf_amd64_b20cc8aeaed64fc2\Display.NvContainer\plugins\LocalSystem\NvXDCore.dll"	"True"	"84ef85e2178efaca0a77ef876017e707a699d0df3b80596108f989abc57d4b71"	"1965800"	"32.0.16.1692"
"C:\windows\system32\driverstore\filerepository\nv_dispi.inf_amd64_b20cc8aeaed64fc2\Display.NvContainer\plugins\LocalSystem\wksServicePluginZ.dll"	"Win32_PNPSignedDriverCIMDataFile"	"PCI\VEN_10DE&DEV_2D05&SUBSYS_8A151043&REV_A1\95B0EB63032DB04800"	"DriverStore"	"c:\windows\system32\driverstore\filerepository\nv_dispi.inf_amd64_b20cc8aeaed64fc2"	"C:\windows\system32\HostDriverStore\filerepository\nv_dispi.inf_amd64_b20cc8aeaed64fc2\Display.NvContainer\plugins\LocalSystem\wksServicePluginZ.dll"	"C:\windows\system32\HostDriverStore\filerepository\nv_dispi.inf_amd64_b20cc8aeaed64fc2\Display.NvContainer\plugins\LocalSystem\wksServicePluginZ.dll"	"True"	"921cbc0f82e62054d0f556aa33ddfb85b405029cc4a601284998be454e478f66"	"319720"	"32.0.16.1692"
"C:\windows\system32\driverstore\filerepository\nv_dispi.inf_amd64_b20cc8aeaed64fc2\Display.NvContainer\plugins\Session\_NvGSTPlugin.dll"	"Win32_PNPSignedDriverCIMDataFile"	"PCI\VEN_10DE&DEV_2D05&SUBSYS_8A151043&REV_A1\95B0EB63032DB04800"	"DriverStore"	"c:\windows\system32\driverstore\filerepository\nv_dispi.inf_amd64_b20cc8aeaed64fc2"	"C:\windows\system32\HostDriverStore\filerepository\nv_dispi.inf_amd64_b20cc8aeaed64fc2\Display.NvContainer\plugins\Session\_NvGSTPlugin.dll"	"C:\windows\system32\HostDriverStore\filerepository\nv_dispi.inf_amd64_b20cc8aeaed64fc2\Display.NvContainer\plugins\Session\_NvGSTPlugin.dll"	"True"	"b00b68f6051c03bcb5db9d57f4102239f5d8d145d7428ca9dc50ad4ca9028e17"	"2655976"	"32.0.16.1692"
"C:\windows\system32\driverstore\filerepository\nv_dispi.inf_amd64_b20cc8aeaed64fc2\Display.NvContainer\plugins\Session\nvprofileupdaterplugin.dll"	"Win32_PNPSignedDriverCIMDataFile"	"PCI\VEN_10DE&DEV_2D05&SUBSYS_8A151043&REV_A1\95B0EB63032DB04800"	"DriverStore"	"c:\windows\system32\driverstore\filerepository\nv_dispi.inf_amd64_b20cc8aeaed64fc2"	"C:\windows\system32\HostDriverStore\filerepository\nv_dispi.inf_amd64_b20cc8aeaed64fc2\Display.NvContainer\plugins\Session\nvprofileupdaterplugin.dll"	"C:\windows\system32\HostDriverStore\filerepository\nv_dispi.inf_amd64_b20cc8aeaed64fc2\Display.NvContainer\plugins\Session\nvprofileupdaterplugin.dll"	"True"	"a0edc2208a4b63160864138b0442546b7fb060427500575e5d109915b1a5ef0c"	"2187496"	"32.0.16.1692"
"C:\windows\system32\driverstore\filerepository\nv_dispi.inf_amd64_b20cc8aeaed64fc2\Display.NvContainer\plugins\Session\nvxdsyncplugin.dll"	"Win32_PNPSignedDriverCIMDataFile"	"PCI\VEN_10DE&DEV_2D05&SUBSYS_8A151043&REV_A1\95B0EB63032DB04800"	"DriverStore"	"c:\windows\system32\driverstore\filerepository\nv_dispi.inf_amd64_b20cc8aeaed64fc2"	"C:\windows\system32\HostDriverStore\filerepository\nv_dispi.inf_amd64_b20cc8aeaed64fc2\Display.NvContainer\plugins\Session\nvxdsyncplugin.dll"	"C:\windows\system32\HostDriverStore\filerepository\nv_dispi.inf_amd64_b20cc8aeaed64fc2\Display.NvContainer\plugins\Session\nvxdsyncplugin.dll"	"True"	"b22428b52eb08ad4535eaf0eb2a11882194722ff16ed8352901bbf96e1933d57"	"1849576"	"8.17.16.1692"
"C:\windows\system32\driverstore\filerepository\nv_dispi.inf_amd64_b20cc8aeaed64fc2\Display.NvContainer\plugins\Session\wksServicePlugin.dll"	"Win32_PNPSignedDriverCIMDataFile"	"PCI\VEN_10DE&DEV_2D05&SUBSYS_8A151043&REV_A1\95B0EB63032DB04800"	"DriverStore"	"c:\windows\system32\driverstore\filerepository\nv_dispi.inf_amd64_b20cc8aeaed64fc2"	"C:\windows\system32\HostDriverStore\filerepository\nv_dispi.inf_amd64_b20cc8aeaed64fc2\Display.NvContainer\plugins\Session\wksServicePlugin.dll"	"C:\windows\system32\HostDriverStore\filerepository\nv_dispi.inf_amd64_b20cc8aeaed64fc2\Display.NvContainer\plugins\Session\wksServicePlugin.dll"	"True"	"f68fdfd69bd15da6f072280b5ccf7f2cbf2b788529f4ecf653587ab19e6f77c1"	"349416"	"32.0.16.1692"
"C:\windows\system32\driverstore\filerepository\nv_dispi.inf_amd64_b20cc8aeaed64fc2\gsp_ga10x.bin"	"Win32_PNPSignedDriverCIMDataFile"	"PCI\VEN_10DE&DEV_2D05&SUBSYS_8A151043&REV_A1\95B0EB63032DB04800"	"DriverStore"	"c:\windows\system32\driverstore\filerepository\nv_dispi.inf_amd64_b20cc8aeaed64fc2"	"C:\windows\system32\HostDriverStore\filerepository\nv_dispi.inf_amd64_b20cc8aeaed64fc2\gsp_ga10x.bin"	"C:\windows\system32\HostDriverStore\filerepository\nv_dispi.inf_amd64_b20cc8aeaed64fc2\gsp_ga10x.bin"	"True"	"b653458458b03c3f10e79fc5867aedf9818411cba517b20acffb8d690f4fee84"	"27043992"	
"C:\windows\system32\driverstore\filerepository\nv_dispi.inf_amd64_b20cc8aeaed64fc2\gsp_tu10x.bin"	"Win32_PNPSignedDriverCIMDataFile"	"PCI\VEN_10DE&DEV_2D05&SUBSYS_8A151043&REV_A1\95B0EB63032DB04800"	"DriverStore"	"c:\windows\system32\driverstore\filerepository\nv_dispi.inf_amd64_b20cc8aeaed64fc2"	"C:\windows\system32\HostDriverStore\filerepository\nv_dispi.inf_amd64_b20cc8aeaed64fc2\gsp_tu10x.bin"	"C:\windows\system32\HostDriverStore\filerepository\nv_dispi.inf_amd64_b20cc8aeaed64fc2\gsp_tu10x.bin"	"True"	"288f0a5ea88fd5a2d1606502bea7741ca15eb9e24f7271b200c13a8cc5a7aa22"	"22897536"	
"C:\windows\system32\driverstore\filerepository\nv_dispi.inf_amd64_b20cc8aeaed64fc2\libcuda.so.1.1"	"Win32_PNPSignedDriverCIMDataFile"	"PCI\VEN_10DE&DEV_2D05&SUBSYS_8A151043&REV_A1\95B0EB63032DB04800"	"DriverStore"	"c:\windows\system32\driverstore\filerepository\nv_dispi.inf_amd64_b20cc8aeaed64fc2"	"C:\windows\system32\HostDriverStore\filerepository\nv_dispi.inf_amd64_b20cc8aeaed64fc2\libcuda.so.1.1"	"C:\windows\system32\HostDriverStore\filerepository\nv_dispi.inf_amd64_b20cc8aeaed64fc2\libcuda.so.1.1"	"True"	"eb503fe74063556aa96bde5a11fdce6c288e84b1f8791a8e8b50fe6e5b641205"	"28213416"	
"C:\windows\system32\driverstore\filerepository\nv_dispi.inf_amd64_b20cc8aeaed64fc2\libcuda_loader.so"	"Win32_PNPSignedDriverCIMDataFile"	"PCI\VEN_10DE&DEV_2D05&SUBSYS_8A151043&REV_A1\95B0EB63032DB04800"	"DriverStore"	"c:\windows\system32\driverstore\filerepository\nv_dispi.inf_amd64_b20cc8aeaed64fc2"	"C:\windows\system32\HostDriverStore\filerepository\nv_dispi.inf_amd64_b20cc8aeaed64fc2\libcuda_loader.so"	"C:\windows\system32\HostDriverStore\filerepository\nv_dispi.inf_amd64_b20cc8aeaed64fc2\libcuda_loader.so"	"True"	"be76168f25c9ccf6ccb3164a2afe4b386806d8cbd4d98a6c90df1f62f2e75681"	"188024"	
"C:\windows\system32\driverstore\filerepository\nv_dispi.inf_amd64_b20cc8aeaed64fc2\libcudadebugger.so.1"	"Win32_PNPSignedDriverCIMDataFile"	"PCI\VEN_10DE&DEV_2D05&SUBSYS_8A151043&REV_A1\95B0EB63032DB04800"	"DriverStore"	"c:\windows\system32\driverstore\filerepository\nv_dispi.inf_amd64_b20cc8aeaed64fc2"	"C:\windows\system32\HostDriverStore\filerepository\nv_dispi.inf_amd64_b20cc8aeaed64fc2\libcudadebugger.so.1"	"C:\windows\system32\HostDriverStore\filerepository\nv_dispi.inf_amd64_b20cc8aeaed64fc2\libcudadebugger.so.1"	"True"	"de63fbee008abfbc8e92cbc8a5083d63d41b4982d6f13db34fd6951a1ecb6978"	"12198904"	
"C:\windows\system32\driverstore\filerepository\nv_dispi.inf_amd64_b20cc8aeaed64fc2\libnvcuvid.so.1"	"Win32_PNPSignedDriverCIMDataFile"	"PCI\VEN_10DE&DEV_2D05&SUBSYS_8A151043&REV_A1\95B0EB63032DB04800"	"DriverStore"	"c:\windows\system32\driverstore\filerepository\nv_dispi.inf_amd64_b20cc8aeaed64fc2"	"C:\windows\system32\HostDriverStore\filerepository\nv_dispi.inf_amd64_b20cc8aeaed64fc2\libnvcuvid.so.1"	"C:\windows\system32\HostDriverStore\filerepository\nv_dispi.inf_amd64_b20cc8aeaed64fc2\libnvcuvid.so.1"	"True"	"642b7f958bfd67c91c8a66ee8d276fc49678b934ccac53a2a83247bb0ff0c843"	"27446016"	
"C:\windows\system32\driverstore\filerepository\nv_dispi.inf_amd64_b20cc8aeaed64fc2\libnvdiagclt.so.1"	"Win32_PNPSignedDriverCIMDataFile"	"PCI\VEN_10DE&DEV_2D05&SUBSYS_8A151043&REV_A1\95B0EB63032DB04800"	"DriverStore"	"c:\windows\system32\driverstore\filerepository\nv_dispi.inf_amd64_b20cc8aeaed64fc2"	"C:\windows\system32\HostDriverStore\filerepository\nv_dispi.inf_amd64_b20cc8aeaed64fc2\libnvdiagclt.so.1"	"C:\windows\system32\HostDriverStore\filerepository\nv_dispi.inf_amd64_b20cc8aeaed64fc2\libnvdiagclt.so.1"	"True"	"37ad15e433cdaac926da228726e0105c9464f05e76ddc2e15b82aa0b650e7a15"	"14432"	
"C:\windows\system32\driverstore\filerepository\nv_dispi.inf_amd64_b20cc8aeaed64fc2\libnvdxdlkernels.so"	"Win32_PNPSignedDriverCIMDataFile"	"PCI\VEN_10DE&DEV_2D05&SUBSYS_8A151043&REV_A1\95B0EB63032DB04800"	"DriverStore"	"c:\windows\system32\driverstore\filerepository\nv_dispi.inf_amd64_b20cc8aeaed64fc2"	"C:\windows\system32\HostDriverStore\filerepository\nv_dispi.inf_amd64_b20cc8aeaed64fc2\libnvdxdlkernels.so"	"C:\windows\system32\HostDriverStore\filerepository\nv_dispi.inf_amd64_b20cc8aeaed64fc2\libnvdxdlkernels.so"	"True"	"4a490cb2d3750ae705951ce0a2067d2a46c11d5fecce61a8509b88baa4001c07"	"154232352"	
"C:\windows\system32\driverstore\filerepository\nv_dispi.inf_amd64_b20cc8aeaed64fc2\libnvdxgdmal.so.1"	"Win32_PNPSignedDriverCIMDataFile"	"PCI\VEN_10DE&DEV_2D05&SUBSYS_8A151043&REV_A1\95B0EB63032DB04800"	"DriverStore"	"c:\windows\system32\driverstore\filerepository\nv_dispi.inf_amd64_b20cc8aeaed64fc2"	"C:\windows\system32\HostDriverStore\filerepository\nv_dispi.inf_amd64_b20cc8aeaed64fc2\libnvdxgdmal.so.1"	"C:\windows\system32\HostDriverStore\filerepository\nv_dispi.inf_amd64_b20cc8aeaed64fc2\libnvdxgdmal.so.1"	"True"	"75d92d1bdcf24d2217b4968d84f3a4959e41518ceabe19adecda626bbd8b5cda"	"67656"	
"C:\windows\system32\driverstore\filerepository\nv_dispi.inf_amd64_b20cc8aeaed64fc2\libnvidia-encode.so.1"	"Win32_PNPSignedDriverCIMDataFile"	"PCI\VEN_10DE&DEV_2D05&SUBSYS_8A151043&REV_A1\95B0EB63032DB04800"	"DriverStore"	"c:\windows\system32\driverstore\filerepository\nv_dispi.inf_amd64_b20cc8aeaed64fc2"	"C:\windows\system32\HostDriverStore\filerepository\nv_dispi.inf_amd64_b20cc8aeaed64fc2\libnvidia-encode.so.1"	"C:\windows\system32\HostDriverStore\filerepository\nv_dispi.inf_amd64_b20cc8aeaed64fc2\libnvidia-encode.so.1"	"True"	"29ce9a1cc38f556b74ecffafec75917c78869f1a6e19243b2ad3e971dc82a909"	"272512"	
"C:\windows\system32\driverstore\filerepository\nv_dispi.inf_amd64_b20cc8aeaed64fc2\libnvidia-gpucomp.so"	"Win32_PNPSignedDriverCIMDataFile"	"PCI\VEN_10DE&DEV_2D05&SUBSYS_8A151043&REV_A1\95B0EB63032DB04800"	"DriverStore"	"c:\windows\system32\driverstore\filerepository\nv_dispi.inf_amd64_b20cc8aeaed64fc2"	"C:\windows\system32\HostDriverStore\filerepository\nv_dispi.inf_amd64_b20cc8aeaed64fc2\libnvidia-gpucomp.so"	"C:\windows\system32\HostDriverStore\filerepository\nv_dispi.inf_amd64_b20cc8aeaed64fc2\libnvidia-gpucomp.so"	"True"	"b1bebad2833fda2ecd503ade1d5149c59d48cd3f65f6a1ea702bf19d67d28f4e"	"117883752"	
"C:\windows\system32\driverstore\filerepository\nv_dispi.inf_amd64_b20cc8aeaed64fc2\libnvidia-ml.so.1"	"Win32_PNPSignedDriverCIMDataFile"	"PCI\VEN_10DE&DEV_2D05&SUBSYS_8A151043&REV_A1\95B0EB63032DB04800"	"DriverStore"	"c:\windows\system32\driverstore\filerepository\nv_dispi.inf_amd64_b20cc8aeaed64fc2"	"C:\windows\system32\HostDriverStore\filerepository\nv_dispi.inf_amd64_b20cc8aeaed64fc2\libnvidia-ml.so.1"	"C:\windows\system32\HostDriverStore\filerepository\nv_dispi.inf_amd64_b20cc8aeaed64fc2\libnvidia-ml.so.1"	"True"	"95c6a3c956a27d37d07992b0f064b3199d4b85293deaf84da97eb97f238ae073"	"2577624"	
"C:\windows\system32\driverstore\filerepository\nv_dispi.inf_amd64_b20cc8aeaed64fc2\libnvidia-ml_loader.so"	"Win32_PNPSignedDriverCIMDataFile"	"PCI\VEN_10DE&DEV_2D05&SUBSYS_8A151043&REV_A1\95B0EB63032DB04800"	"DriverStore"	"c:\windows\system32\driverstore\filerepository\nv_dispi.inf_amd64_b20cc8aeaed64fc2"	"C:\windows\system32\HostDriverStore\filerepository\nv_dispi.inf_amd64_b20cc8aeaed64fc2\libnvidia-ml_loader.so"	"C:\windows\system32\HostDriverStore\filerepository\nv_dispi.inf_amd64_b20cc8aeaed64fc2\libnvidia-ml_loader.so"	"True"	"7cec8343ad7e445956292814b5c937d5058909db7b326377b479af2f6082f476"	"291000"	
"C:\windows\system32\driverstore\filerepository\nv_dispi.inf_amd64_b20cc8aeaed64fc2\libnvidia-ngx.so.1"	"whole service/associated package tree"	"PCI\VEN_10DE&DEV_2D05&SUBSYS_8A151043&REV_A1\95B0EB63032DB04800"	"DriverStore"	"c:\windows\system32\driverstore\filerepository\nv_dispi.inf_amd64_b20cc8aeaed64fc2"	"C:\windows\system32\HostDriverStore\filerepository\nv_dispi.inf_amd64_b20cc8aeaed64fc2\libnvidia-ngx.so.1"	"C:\windows\system32\HostDriverStore\filerepository\nv_dispi.inf_amd64_b20cc8aeaed64fc2\libnvidia-ngx.so.1"	"True"	"25f4226a379fc44b41cd155fc3f33330f8a2694c1ca52ab472e41a9f39ebd6dc"	"5484728"	
"C:\windows\system32\driverstore\filerepository\nv_dispi.inf_amd64_b20cc8aeaed64fc2\libnvidia-nvvm.so.4"	"Win32_PNPSignedDriverCIMDataFile"	"PCI\VEN_10DE&DEV_2D05&SUBSYS_8A151043&REV_A1\95B0EB63032DB04800"	"DriverStore"	"c:\windows\system32\driverstore\filerepository\nv_dispi.inf_amd64_b20cc8aeaed64fc2"	"C:\windows\system32\HostDriverStore\filerepository\nv_dispi.inf_amd64_b20cc8aeaed64fc2\libnvidia-nvvm.so.4"	"C:\windows\system32\HostDriverStore\filerepository\nv_dispi.inf_amd64_b20cc8aeaed64fc2\libnvidia-nvvm.so.4"	"True"	"f951b14d0f6d1132e853a40cbd2a378a8b935073c8078e3e35ef472a157215b3"	"23165880"	
"C:\windows\system32\driverstore\filerepository\nv_dispi.inf_amd64_b20cc8aeaed64fc2\libnvidia-nvvm70.so.4"	"Win32_PNPSignedDriverCIMDataFile"	"PCI\VEN_10DE&DEV_2D05&SUBSYS_8A151043&REV_A1\95B0EB63032DB04800"	"DriverStore"	"c:\windows\system32\driverstore\filerepository\nv_dispi.inf_amd64_b20cc8aeaed64fc2"	"C:\windows\system32\HostDriverStore\filerepository\nv_dispi.inf_amd64_b20cc8aeaed64fc2\libnvidia-nvvm70.so.4"	"C:\windows\system32\HostDriverStore\filerepository\nv_dispi.inf_amd64_b20cc8aeaed64fc2\libnvidia-nvvm70.so.4"	"True"	"39115d324089ed6ba3b1c68f33953470e5e785ac103af9b1a353d60ae59888ef"	"24821264"	
"C:\windows\system32\driverstore\filerepository\nv_dispi.inf_amd64_b20cc8aeaed64fc2\libnvidia-opticalflow.so.1"	"Win32_PNPSignedDriverCIMDataFile"	"PCI\VEN_10DE&DEV_2D05&SUBSYS_8A151043&REV_A1\95B0EB63032DB04800"	"DriverStore"	"c:\windows\system32\driverstore\filerepository\nv_dispi.inf_amd64_b20cc8aeaed64fc2"	"C:\windows\system32\HostDriverStore\filerepository\nv_dispi.inf_amd64_b20cc8aeaed64fc2\libnvidia-opticalflow.so.1"	"C:\windows\system32\HostDriverStore\filerepository\nv_dispi.inf_amd64_b20cc8aeaed64fc2\libnvidia-opticalflow.so.1"	"True"	"a8037232557c9693f5735d22cc90718d4941598a95cdd686f31f6554f54f4be0"	"67608"	
"C:\windows\system32\driverstore\filerepository\nv_dispi.inf_amd64_b20cc8aeaed64fc2\libnvidia-ptxjitcompiler.so.1"	"Win32_PNPSignedDriverCIMDataFile"	"PCI\VEN_10DE&DEV_2D05&SUBSYS_8A151043&REV_A1\95B0EB63032DB04800"	"DriverStore"	"c:\windows\system32\driverstore\filerepository\nv_dispi.inf_amd64_b20cc8aeaed64fc2"	"C:\windows\system32\HostDriverStore\filerepository\nv_dispi.inf_amd64_b20cc8aeaed64fc2\libnvidia-ptxjitcompiler.so.1"	"C:\windows\system32\HostDriverStore\filerepository\nv_dispi.inf_amd64_b20cc8aeaed64fc2\libnvidia-ptxjitcompiler.so.1"	"True"	"4ef615332642519db02d94f01e6b58ebf284a8858ef601003a7a45481b1e25f1"	"45594960"	
"C:\windows\system32\driverstore\filerepository\nv_dispi.inf_amd64_b20cc8aeaed64fc2\libnvidia-tileiras.so"	"Win32_PNPSignedDriverCIMDataFile"	"PCI\VEN_10DE&DEV_2D05&SUBSYS_8A151043&REV_A1\95B0EB63032DB04800"	"DriverStore"	"c:\windows\system32\driverstore\filerepository\nv_dispi.inf_amd64_b20cc8aeaed64fc2"	"C:\windows\system32\HostDriverStore\filerepository\nv_dispi.inf_amd64_b20cc8aeaed64fc2\libnvidia-tileiras.so"	"C:\windows\system32\HostDriverStore\filerepository\nv_dispi.inf_amd64_b20cc8aeaed64fc2\libnvidia-tileiras.so"	"True"	"a123e2848fec8286fe4edefcca265befe6c03fed6a95eb2dbe9318c856633136"	"105996664"	
"C:\windows\system32\driverstore\filerepository\nv_dispi.inf_amd64_b20cc8aeaed64fc2\libnvoptix_loader.so.1"	"Win32_PNPSignedDriverCIMDataFile"	"PCI\VEN_10DE&DEV_2D05&SUBSYS_8A151043&REV_A1\95B0EB63032DB04800"	"DriverStore"	"c:\windows\system32\driverstore\filerepository\nv_dispi.inf_amd64_b20cc8aeaed64fc2"	"C:\windows\system32\HostDriverStore\filerepository\nv_dispi.inf_amd64_b20cc8aeaed64fc2\libnvoptix_loader.so.1"	"C:\windows\system32\HostDriverStore\filerepository\nv_dispi.inf_amd64_b20cc8aeaed64fc2\libnvoptix_loader.so.1"	"True"	"27220ad592e1d4510086f0318b154117db3419e9915d36d605f51382c7a3f559"	"14224"	
"C:\windows\system32\driverstore\filerepository\nv_dispi.inf_amd64_b20cc8aeaed64fc2\libnvvamanager.so.1"	"Win32_PNPSignedDriverCIMDataFile"	"PCI\VEN_10DE&DEV_2D05&SUBSYS_8A151043&REV_A1\95B0EB63032DB04800"	"DriverStore"	"c:\windows\system32\driverstore\filerepository\nv_dispi.inf_amd64_b20cc8aeaed64fc2"	"C:\windows\system32\HostDriverStore\filerepository\nv_dispi.inf_amd64_b20cc8aeaed64fc2\libnvvamanager.so.1"	"C:\windows\system32\HostDriverStore\filerepository\nv_dispi.inf_amd64_b20cc8aeaed64fc2\libnvvamanager.so.1"	"True"	"09d6c2346571bc35ec30b47fdfc03f3ddf8ff0b77e3c247cd4995e902442bf85"	"30944"	
"C:\windows\system32\driverstore\filerepository\nv_dispi.inf_amd64_b20cc8aeaed64fc2\libnvwgf2umx.so"	"Win32_PNPSignedDriverCIMDataFile"	"PCI\VEN_10DE&DEV_2D05&SUBSYS_8A151043&REV_A1\95B0EB63032DB04800"	"DriverStore"	"c:\windows\system32\driverstore\filerepository\nv_dispi.inf_amd64_b20cc8aeaed64fc2"	"C:\windows\system32\HostDriverStore\filerepository\nv_dispi.inf_amd64_b20cc8aeaed64fc2\libnvwgf2umx.so"	"C:\windows\system32\HostDriverStore\filerepository\nv_dispi.inf_amd64_b20cc8aeaed64fc2\libnvwgf2umx.so"	"True"	"d37c2d2c98aa3c5cd8e7836eec090056445097e70d590d0ec92a7419b15d588d"	"58435480"	
"C:\windows\system32\driverstore\filerepository\nv_dispi.inf_amd64_b20cc8aeaed64fc2\license.txt"	"whole service/associated package tree"	"PCI\VEN_10DE&DEV_2D05&SUBSYS_8A151043&REV_A1\95B0EB63032DB04800"	"DriverStore"	"c:\windows\system32\driverstore\filerepository\nv_dispi.inf_amd64_b20cc8aeaed64fc2"	"C:\windows\system32\HostDriverStore\filerepository\nv_dispi.inf_amd64_b20cc8aeaed64fc2\license.txt"	"C:\windows\system32\HostDriverStore\filerepository\nv_dispi.inf_amd64_b20cc8aeaed64fc2\license.txt"	"True"	"9006e6f9ac1be55664f872c0f80f5837c566e9ba92590139102a0d184e1041d8"	"55339"	
"C:\windows\system32\driverstore\filerepository\nv_dispi.inf_amd64_b20cc8aeaed64fc2\MCU.exe"	"whole service/associated package tree"	"PCI\VEN_10DE&DEV_2D05&SUBSYS_8A151043&REV_A1\95B0EB63032DB04800"	"DriverStore"	"c:\windows\system32\driverstore\filerepository\nv_dispi.inf_amd64_b20cc8aeaed64fc2"	"C:\windows\system32\HostDriverStore\filerepository\nv_dispi.inf_amd64_b20cc8aeaed64fc2\MCU.exe"	"C:\windows\system32\HostDriverStore\filerepository\nv_dispi.inf_amd64_b20cc8aeaed64fc2\MCU.exe"	"True"	"6cb8cc212214f2bec3da0b9350cafb45b6c68e2382bd6cef9684d2caa8a3f414"	"853736"	"1.1.5204.20580"
"C:\windows\system32\driverstore\filerepository\nv_dispi.inf_amd64_b20cc8aeaed64fc2\NV_DISP.CAT"	"whole service/associated package tree"	"PCI\VEN_10DE&DEV_2D05&SUBSYS_8A151043&REV_A1\95B0EB63032DB04800"	"DriverStore"	"c:\windows\system32\driverstore\filerepository\nv_dispi.inf_amd64_b20cc8aeaed64fc2"	"C:\windows\system32\HostDriverStore\filerepository\nv_dispi.inf_amd64_b20cc8aeaed64fc2\NV_DISP.CAT"	"C:\windows\system32\HostDriverStore\filerepository\nv_dispi.inf_amd64_b20cc8aeaed64fc2\NV_DISP.CAT"	"True"	"9c2ada986e2eee73be0b496d809c847c809ccf0e52ba970a9834dbeaf2afff34"	"5421297"	
"C:\windows\system32\driverstore\filerepository\nv_dispi.inf_amd64_b20cc8aeaed64fc2\nv_dispi.inf"	"whole service/associated package tree"	"PCI\VEN_10DE&DEV_2D05&SUBSYS_8A151043&REV_A1\95B0EB63032DB04800"	"DriverStore"	"c:\windows\system32\driverstore\filerepository\nv_dispi.inf_amd64_b20cc8aeaed64fc2"	"C:\windows\system32\HostDriverStore\filerepository\nv_dispi.inf_amd64_b20cc8aeaed64fc2\nv_dispi.inf"	"C:\windows\system32\HostDriverStore\filerepository\nv_dispi.inf_amd64_b20cc8aeaed64fc2\nv_dispi.inf"	"True"	"1ca553b7c9518e953b0ac35950750b4dbcd64a4c5c48c7638c49405f499a9dfb"	"693662"	
"C:\windows\system32\driverstore\filerepository\nv_dispi.inf_amd64_b20cc8aeaed64fc2\nv_dispi.PNF"	"whole service/associated package tree"	"PCI\VEN_10DE&DEV_2D05&SUBSYS_8A151043&REV_A1\95B0EB63032DB04800"	"DriverStore"	"c:\windows\system32\driverstore\filerepository\nv_dispi.inf_amd64_b20cc8aeaed64fc2"	"C:\windows\system32\HostDriverStore\filerepository\nv_dispi.inf_amd64_b20cc8aeaed64fc2\nv_dispi.PNF"	"C:\windows\system32\HostDriverStore\filerepository\nv_dispi.inf_amd64_b20cc8aeaed64fc2\nv_dispi.PNF"	"True"	"d11e1789c16fe1535f26261dd2dc1c19c317862878c4b137f7a58c09261e7bcd"	"1081484"	
"C:\windows\system32\driverstore\filerepository\nv_dispi.inf_amd64_b20cc8aeaed64fc2\nv3dappshext.dll"	"Win32_PNPSignedDriverCIMDataFile"	"PCI\VEN_10DE&DEV_2D05&SUBSYS_8A151043&REV_A1\95B0EB63032DB04800"	"DriverStore"	"c:\windows\system32\driverstore\filerepository\nv_dispi.inf_amd64_b20cc8aeaed64fc2"	"C:\windows\system32\HostDriverStore\filerepository\nv_dispi.inf_amd64_b20cc8aeaed64fc2\nv3dappshext.dll"	"C:\windows\system32\HostDriverStore\filerepository\nv_dispi.inf_amd64_b20cc8aeaed64fc2\nv3dappshext.dll"	"True"	"c9d7fd761e24363f77ed5fd0bff3e93a61b5721d9ff61ca4ea81204128af460d"	"1006312"	"6.14.16.1692"
"C:\windows\system32\driverstore\filerepository\nv_dispi.inf_amd64_b20cc8aeaed64fc2\nv3dappshextr.dll"	"Win32_PNPSignedDriverCIMDataFile"	"PCI\VEN_10DE&DEV_2D05&SUBSYS_8A151043&REV_A1\95B0EB63032DB04800"	"DriverStore"	"c:\windows\system32\driverstore\filerepository\nv_dispi.inf_amd64_b20cc8aeaed64fc2"	"C:\windows\system32\HostDriverStore\filerepository\nv_dispi.inf_amd64_b20cc8aeaed64fc2\nv3dappshextr.dll"	"C:\windows\system32\HostDriverStore\filerepository\nv_dispi.inf_amd64_b20cc8aeaed64fc2\nv3dappshextr.dll"	"True"	"9142a75e1d1c976069ef42de1f183d1fea2d1f6ba23d4379d5c530e1a1d014e4"	"98536"	"6.14.16.1692"
"C:\windows\system32\driverstore\filerepository\nv_dispi.inf_amd64_b20cc8aeaed64fc2\nvAIDVC.dll"	"Win32_PNPSignedDriverCIMDataFile"	"PCI\VEN_10DE&DEV_2D05&SUBSYS_8A151043&REV_A1\95B0EB63032DB04800"	"DriverStore"	"c:\windows\system32\driverstore\filerepository\nv_dispi.inf_amd64_b20cc8aeaed64fc2"	"C:\windows\system32\HostDriverStore\filerepository\nv_dispi.inf_amd64_b20cc8aeaed64fc2\nvAIDVC.dll"	"C:\windows\system32\HostDriverStore\filerepository\nv_dispi.inf_amd64_b20cc8aeaed64fc2\nvAIDVC.dll"	"True"	"b75fbfd20a8850a45ec95a60075016da72f35aee722e85ec58ac0850b5054011"	"2892008"	"32.0.16.1692"
"C:\windows\system32\driverstore\filerepository\nv_dispi.inf_amd64_b20cc8aeaed64fc2\nvAIDVCx.dll"	"Win32_PNPSignedDriverCIMDataFile"	"PCI\VEN_10DE&DEV_2D05&SUBSYS_8A151043&REV_A1\95B0EB63032DB04800"	"DriverStore"	"c:\windows\system32\driverstore\filerepository\nv_dispi.inf_amd64_b20cc8aeaed64fc2"	"C:\windows\system32\HostDriverStore\filerepository\nv_dispi.inf_amd64_b20cc8aeaed64fc2\nvAIDVCx.dll"	"C:\windows\system32\HostDriverStore\filerepository\nv_dispi.inf_amd64_b20cc8aeaed64fc2\nvAIDVCx.dll"	"True"	"f47d06f817aff75d9f68835dccefca117a659243e5c5f80ecb3b81041dd9259c"	"2999016"	"32.0.16.1692"
"C:\windows\system32\driverstore\filerepository\nv_dispi.inf_amd64_b20cc8aeaed64fc2\nvAIHDR.dll"	"Win32_PNPSignedDriverCIMDataFile"	"PCI\VEN_10DE&DEV_2D05&SUBSYS_8A151043&REV_A1\95B0EB63032DB04800"	"DriverStore"	"c:\windows\system32\driverstore\filerepository\nv_dispi.inf_amd64_b20cc8aeaed64fc2"	"C:\windows\system32\HostDriverStore\filerepository\nv_dispi.inf_amd64_b20cc8aeaed64fc2\nvAIHDR.dll"	"C:\windows\system32\HostDriverStore\filerepository\nv_dispi.inf_amd64_b20cc8aeaed64fc2\nvAIHDR.dll"	"True"	"ec1f1d66d746ce5ccdeb463017870c4a7b4ed6a06ab40b801c2ccdbebcbd6768"	"4005336"	"32.0.16.1692"
"C:\windows\system32\driverstore\filerepository\nv_dispi.inf_amd64_b20cc8aeaed64fc2\nvAIHDRx.dll"	"Win32_PNPSignedDriverCIMDataFile"	"PCI\VEN_10DE&DEV_2D05&SUBSYS_8A151043&REV_A1\95B0EB63032DB04800"	"DriverStore"	"c:\windows\system32\driverstore\filerepository\nv_dispi.inf_amd64_b20cc8aeaed64fc2"	"C:\windows\system32\HostDriverStore\filerepository\nv_dispi.inf_amd64_b20cc8aeaed64fc2\nvAIHDRx.dll"	"C:\windows\system32\HostDriverStore\filerepository\nv_dispi.inf_amd64_b20cc8aeaed64fc2\nvAIHDRx.dll"	"True"	"20d173b14b9542946f7bc07837e553d1afb6e6317106398c3c6e288b3b8e3a15"	"4140832"	"32.0.16.1692"
"C:\windows\system32\driverstore\filerepository\nv_dispi.inf_amd64_b20cc8aeaed64fc2\nvAIVPx.dll"	"Win32_PNPSignedDriverCIMDataFile"	"PCI\VEN_10DE&DEV_2D05&SUBSYS_8A151043&REV_A1\95B0EB63032DB04800"	"DriverStore"	"c:\windows\system32\driverstore\filerepository\nv_dispi.inf_amd64_b20cc8aeaed64fc2"	"C:\windows\system32\HostDriverStore\filerepository\nv_dispi.inf_amd64_b20cc8aeaed64fc2\nvAIVPx.dll"	"C:\windows\system32\HostDriverStore\filerepository\nv_dispi.inf_amd64_b20cc8aeaed64fc2\nvAIVPx.dll"	"True"	"b5e30583b8d567264a5b3ccf027331dbe6708484f0953e2291b811afb45578c2"	"9329384"	"32.0.16.1692"
"C:\windows\system32\driverstore\filerepository\nv_dispi.inf_amd64_b20cc8aeaed64fc2\nvapi.dll"	"whole service/associated package tree"	"PCI\VEN_10DE&DEV_2D05&SUBSYS_8A151043&REV_A1\95B0EB63032DB04800"	"DriverStore"	"c:\windows\system32\driverstore\filerepository\nv_dispi.inf_amd64_b20cc8aeaed64fc2"	"C:\windows\system32\HostDriverStore\filerepository\nv_dispi.inf_amd64_b20cc8aeaed64fc2\nvapi.dll"	"C:\windows\system32\HostDriverStore\filerepository\nv_dispi.inf_amd64_b20cc8aeaed64fc2\nvapi.dll"	"True"	"e8ef450efef1e2acb17e06cb62f828e7fd758ab86355419874a940508bd3de47"	"442640"	"32.0.16.1692"
"C:\windows\system32\driverstore\filerepository\nv_dispi.inf_amd64_b20cc8aeaed64fc2\nvapi_impl.dll"	"Win32_PNPSignedDriverCIMDataFile"	"PCI\VEN_10DE&DEV_2D05&SUBSYS_8A151043&REV_A1\95B0EB63032DB04800"	"DriverStore"	"c:\windows\system32\driverstore\filerepository\nv_dispi.inf_amd64_b20cc8aeaed64fc2"	"C:\windows\system32\HostDriverStore\filerepository\nv_dispi.inf_amd64_b20cc8aeaed64fc2\nvapi_impl.dll"	"C:\windows\system32\HostDriverStore\filerepository\nv_dispi.inf_amd64_b20cc8aeaed64fc2\nvapi_impl.dll"	"True"	"1d13ce9b854701c99823ab7376797fd4cbcd6eb50e01f65a503576ea53eb2245"	"5169744"	"32.0.16.1692"
"C:\windows\system32\driverstore\filerepository\nv_dispi.inf_amd64_b20cc8aeaed64fc2\nvapi64.dll"	"whole service/associated package tree"	"PCI\VEN_10DE&DEV_2D05&SUBSYS_8A151043&REV_A1\95B0EB63032DB04800"	"DriverStore"	"c:\windows\system32\driverstore\filerepository\nv_dispi.inf_amd64_b20cc8aeaed64fc2"	"C:\windows\system32\HostDriverStore\filerepository\nv_dispi.inf_amd64_b20cc8aeaed64fc2\nvapi64.dll"	"C:\windows\system32\HostDriverStore\filerepository\nv_dispi.inf_amd64_b20cc8aeaed64fc2\nvapi64.dll"	"True"	"11f66428948436b666dfc987a8d3df4a0ca6293d10e4f9ddf7e40a10d759ef73"	"574040"	"32.0.16.1692"
"C:\windows\system32\driverstore\filerepository\nv_dispi.inf_amd64_b20cc8aeaed64fc2\nvapi64_impl.dll"	"Win32_PNPSignedDriverCIMDataFile"	"PCI\VEN_10DE&DEV_2D05&SUBSYS_8A151043&REV_A1\95B0EB63032DB04800"	"DriverStore"	"c:\windows\system32\driverstore\filerepository\nv_dispi.inf_amd64_b20cc8aeaed64fc2"	"C:\windows\system32\HostDriverStore\filerepository\nv_dispi.inf_amd64_b20cc8aeaed64fc2\nvapi64_impl.dll"	"C:\windows\system32\HostDriverStore\filerepository\nv_dispi.inf_amd64_b20cc8aeaed64fc2\nvapi64_impl.dll"	"True"	"3f26731d9ff492c2ef3be879b0da68e415ed563dae5caee901eb01f66c32379d"	"5688768"	"32.0.16.1692"
"C:\windows\system32\driverstore\filerepository\nv_dispi.inf_amd64_b20cc8aeaed64fc2\NvCamera\d3dcompiler_47_32.dll"	"Win32_PNPSignedDriverCIMDataFile"	"PCI\VEN_10DE&DEV_2D05&SUBSYS_8A151043&REV_A1\95B0EB63032DB04800"	"DriverStore"	"c:\windows\system32\driverstore\filerepository\nv_dispi.inf_amd64_b20cc8aeaed64fc2"	"C:\windows\system32\HostDriverStore\filerepository\nv_dispi.inf_amd64_b20cc8aeaed64fc2\NvCamera\d3dcompiler_47_32.dll"	"C:\windows\system32\HostDriverStore\filerepository\nv_dispi.inf_amd64_b20cc8aeaed64fc2\NvCamera\d3dcompiler_47_32.dll"	"True"	"53a9a8944abb14116b1210139ec12fef1fba85da641f5ac7aa9ddbefcf0f5592"	"4156136"	"10.0.26100.5074 (WinBuild.160101.0800)"
"C:\windows\system32\driverstore\filerepository\nv_dispi.inf_amd64_b20cc8aeaed64fc2\NvCamera\d3dcompiler_47_64.dll"	"Win32_PNPSignedDriverCIMDataFile"	"PCI\VEN_10DE&DEV_2D05&SUBSYS_8A151043&REV_A1\95B0EB63032DB04800"	"DriverStore"	"c:\windows\system32\driverstore\filerepository\nv_dispi.inf_amd64_b20cc8aeaed64fc2"	"C:\windows\system32\HostDriverStore\filerepository\nv_dispi.inf_amd64_b20cc8aeaed64fc2\NvCamera\d3dcompiler_47_64.dll"	"C:\windows\system32\HostDriverStore\filerepository\nv_dispi.inf_amd64_b20cc8aeaed64fc2\NvCamera\d3dcompiler_47_64.dll"	"True"	"439c1322bb4f425b85586a4179b93c64451fd16a010d85f541366606178ec1d3"	"4751080"	"10.0.26100.5074 (WinBuild.160101.0800)"
"C:\windows\system32\driverstore\filerepository\nv_dispi.inf_amd64_b20cc8aeaed64fc2\NvCamera\FreqTransfer32.exe"	"Win32_PNPSignedDriverCIMDataFile"	"PCI\VEN_10DE&DEV_2D05&SUBSYS_8A151043&REV_A1\95B0EB63032DB04800"	"DriverStore"	"c:\windows\system32\driverstore\filerepository\nv_dispi.inf_amd64_b20cc8aeaed64fc2"	"C:\windows\system32\HostDriverStore\filerepository\nv_dispi.inf_amd64_b20cc8aeaed64fc2\NvCamera\FreqTransfer32.exe"	"C:\windows\system32\HostDriverStore\filerepository\nv_dispi.inf_amd64_b20cc8aeaed64fc2\NvCamera\FreqTransfer32.exe"	"True"	"81288289303f6991a9211dbbe684327093067181fdd76bfcac6e4639d6199ad9"	"3755752"	
"C:\windows\system32\driverstore\filerepository\nv_dispi.inf_amd64_b20cc8aeaed64fc2\NvCamera\FreqTransfer64.exe"	"Win32_PNPSignedDriverCIMDataFile"	"PCI\VEN_10DE&DEV_2D05&SUBSYS_8A151043&REV_A1\95B0EB63032DB04800"	"DriverStore"	"c:\windows\system32\driverstore\filerepository\nv_dispi.inf_amd64_b20cc8aeaed64fc2"	"C:\windows\system32\HostDriverStore\filerepository\nv_dispi.inf_amd64_b20cc8aeaed64fc2\NvCamera\FreqTransfer64.exe"	"C:\windows\system32\HostDriverStore\filerepository\nv_dispi.inf_amd64_b20cc8aeaed64fc2\NvCamera\FreqTransfer64.exe"	"True"	"e47f34604b6b73d53e7823148459946fe8c5f0e90299099dc7ae6c7de2787cc4"	"4081896"	
"C:\windows\system32\driverstore\filerepository\nv_dispi.inf_amd64_b20cc8aeaed64fc2\NvCamera\GreenScreenBG01.jpg"	"Win32_PNPSignedDriverCIMDataFile"	"PCI\VEN_10DE&DEV_2D05&SUBSYS_8A151043&REV_A1\95B0EB63032DB04800"	"DriverStore"	"c:\windows\system32\driverstore\filerepository\nv_dispi.inf_amd64_b20cc8aeaed64fc2"	"C:\windows\system32\HostDriverStore\filerepository\nv_dispi.inf_amd64_b20cc8aeaed64fc2\NvCamera\GreenScreenBG01.jpg"	"C:\windows\system32\HostDriverStore\filerepository\nv_dispi.inf_amd64_b20cc8aeaed64fc2\NvCamera\GreenScreenBG01.jpg"	"True"	"675d0b84309d2463b39f26fd3aa3dcea7f530d8c65dec43496becdb4b429683a"	"281528"	
"C:\windows\system32\driverstore\filerepository\nv_dispi.inf_amd64_b20cc8aeaed64fc2\NvCamera\GreenScreenBG02.jpg"	"Win32_PNPSignedDriverCIMDataFile"	"PCI\VEN_10DE&DEV_2D05&SUBSYS_8A151043&REV_A1\95B0EB63032DB04800"	"DriverStore"	"c:\windows\system32\driverstore\filerepository\nv_dispi.inf_amd64_b20cc8aeaed64fc2"	"C:\windows\system32\HostDriverStore\filerepository\nv_dispi.inf_amd64_b20cc8aeaed64fc2\NvCamera\GreenScreenBG02.jpg"	"C:\windows\system32\HostDriverStore\filerepository\nv_dispi.inf_amd64_b20cc8aeaed64fc2\NvCamera\GreenScreenBG02.jpg"	"True"	"0e115760331457daaa473e36e3820ab3cabbfeeb917218b27cfb2141ee5fca0c"	"499736"	
"C:\windows\system32\driverstore\filerepository\nv_dispi.inf_amd64_b20cc8aeaed64fc2\NvCamera\HighresBlender32.exe"	"Win32_PNPSignedDriverCIMDataFile"	"PCI\VEN_10DE&DEV_2D05&SUBSYS_8A151043&REV_A1\95B0EB63032DB04800"	"DriverStore"	"c:\windows\system32\driverstore\filerepository\nv_dispi.inf_amd64_b20cc8aeaed64fc2"	"C:\windows\system32\HostDriverStore\filerepository\nv_dispi.inf_amd64_b20cc8aeaed64fc2\NvCamera\HighresBlender32.exe"	"C:\windows\system32\HostDriverStore\filerepository\nv_dispi.inf_amd64_b20cc8aeaed64fc2\NvCamera\HighresBlender32.exe"	"True"	"e2ead371a35397ffb0bcae208207209c069b82ef256ab5d9cd1a2a9a4bf903c9"	"3837160"	
"C:\windows\system32\driverstore\filerepository\nv_dispi.inf_amd64_b20cc8aeaed64fc2\NvCamera\HighresBlender64.exe"	"Win32_PNPSignedDriverCIMDataFile"	"PCI\VEN_10DE&DEV_2D05&SUBSYS_8A151043&REV_A1\95B0EB63032DB04800"	"DriverStore"	"c:\windows\system32\driverstore\filerepository\nv_dispi.inf_amd64_b20cc8aeaed64fc2"	"C:\windows\system32\HostDriverStore\filerepository\nv_dispi.inf_amd64_b20cc8aeaed64fc2\NvCamera\HighresBlender64.exe"	"C:\windows\system32\HostDriverStore\filerepository\nv_dispi.inf_amd64_b20cc8aeaed64fc2\NvCamera\HighresBlender64.exe"	"True"	"98e54ec6b483af56c1755b3e84a409d2926fdd054add5cceb06a3e37ef07939d"	"4175592"	
"C:\windows\system32\driverstore\filerepository\nv_dispi.inf_amd64_b20cc8aeaed64fc2\NvCamera\NvCamera32.dll"	"Win32_PNPSignedDriverCIMDataFile"	"PCI\VEN_10DE&DEV_2D05&SUBSYS_8A151043&REV_A1\95B0EB63032DB04800"	"DriverStore"	"c:\windows\system32\driverstore\filerepository\nv_dispi.inf_amd64_b20cc8aeaed64fc2"	"C:\windows\system32\HostDriverStore\filerepository\nv_dispi.inf_amd64_b20cc8aeaed64fc2\NvCamera\NvCamera32.dll"	"C:\windows\system32\HostDriverStore\filerepository\nv_dispi.inf_amd64_b20cc8aeaed64fc2\NvCamera\NvCamera32.dll"	"True"	"d8d7aba2357ff24eb34b2f9b8525092f43e36f72bc235130e48404bc49b8f3e9"	"8317112"	"7.1.0.0"
"C:\windows\system32\driverstore\filerepository\nv_dispi.inf_amd64_b20cc8aeaed64fc2\NvCamera\NvCamera64.dll"	"Win32_PNPSignedDriverCIMDataFile"	"PCI\VEN_10DE&DEV_2D05&SUBSYS_8A151043&REV_A1\95B0EB63032DB04800"	"DriverStore"	"c:\windows\system32\driverstore\filerepository\nv_dispi.inf_amd64_b20cc8aeaed64fc2"	"C:\windows\system32\HostDriverStore\filerepository\nv_dispi.inf_amd64_b20cc8aeaed64fc2\NvCamera\NvCamera64.dll"	"C:\windows\system32\HostDriverStore\filerepository\nv_dispi.inf_amd64_b20cc8aeaed64fc2\NvCamera\NvCamera64.dll"	"True"	"24280138ddbc7d41d9e41f48a19a1513829a62b5ab2632311bbe8da0f0ede459"	"8872920"	"7.1.0.0"
"C:\windows\system32\driverstore\filerepository\nv_dispi.inf_amd64_b20cc8aeaed64fc2\NvCamera\NvCameraEnable.exe"	"Win32_PNPSignedDriverCIMDataFile"	"PCI\VEN_10DE&DEV_2D05&SUBSYS_8A151043&REV_A1\95B0EB63032DB04800"	"DriverStore"	"c:\windows\system32\driverstore\filerepository\nv_dispi.inf_amd64_b20cc8aeaed64fc2"	"C:\windows\system32\HostDriverStore\filerepository\nv_dispi.inf_amd64_b20cc8aeaed64fc2\NvCamera\NvCameraEnable.exe"	"C:\windows\system32\HostDriverStore\filerepository\nv_dispi.inf_amd64_b20cc8aeaed64fc2\NvCamera\NvCameraEnable.exe"	"True"	"a0b24b9c143558e37423f2e41acdbfb7e1fbf84ae2156dda8c364de33ddd795d"	"387816"	
"C:\windows\system32\driverstore\filerepository\nv_dispi.inf_amd64_b20cc8aeaed64fc2\NvCamera\NvImageConvert32.exe"	"Win32_PNPSignedDriverCIMDataFile"	"PCI\VEN_10DE&DEV_2D05&SUBSYS_8A151043&REV_A1\95B0EB63032DB04800"	"DriverStore"	"c:\windows\system32\driverstore\filerepository\nv_dispi.inf_amd64_b20cc8aeaed64fc2"	"C:\windows\system32\HostDriverStore\filerepository\nv_dispi.inf_amd64_b20cc8aeaed64fc2\NvCamera\NvImageConvert32.exe"	"C:\windows\system32\HostDriverStore\filerepository\nv_dispi.inf_amd64_b20cc8aeaed64fc2\NvCamera\NvImageConvert32.exe"	"True"	"fc489562f7efd3dc1f6b82a56342940395b1910526ec6046c75d0d0b7a439de6"	"3767528"	
"C:\windows\system32\driverstore\filerepository\nv_dispi.inf_amd64_b20cc8aeaed64fc2\NvCamera\NvImageConvert64.exe"	"Win32_PNPSignedDriverCIMDataFile"	"PCI\VEN_10DE&DEV_2D05&SUBSYS_8A151043&REV_A1\95B0EB63032DB04800"	"DriverStore"	"c:\windows\system32\driverstore\filerepository\nv_dispi.inf_amd64_b20cc8aeaed64fc2"	"C:\windows\system32\HostDriverStore\filerepository\nv_dispi.inf_amd64_b20cc8aeaed64fc2\NvCamera\NvImageConvert64.exe"	"C:\windows\system32\HostDriverStore\filerepository\nv_dispi.inf_amd64_b20cc8aeaed64fc2\NvCamera\NvImageConvert64.exe"	"True"	"1fb10ef95c9afacd447519750fdf6a807229363c000053f211a10dc7d8ecd6d3"	"4072680"	
"C:\windows\system32\driverstore\filerepository\nv_dispi.inf_amd64_b20cc8aeaed64fc2\NvCamera\ReShadeFXC32.exe"	"Win32_PNPSignedDriverCIMDataFile"	"PCI\VEN_10DE&DEV_2D05&SUBSYS_8A151043&REV_A1\95B0EB63032DB04800"	"DriverStore"	"c:\windows\system32\driverstore\filerepository\nv_dispi.inf_amd64_b20cc8aeaed64fc2"	"C:\windows\system32\HostDriverStore\filerepository\nv_dispi.inf_amd64_b20cc8aeaed64fc2\NvCamera\ReShadeFXC32.exe"	"C:\windows\system32\HostDriverStore\filerepository\nv_dispi.inf_amd64_b20cc8aeaed64fc2\NvCamera\ReShadeFXC32.exe"	"True"	"93df85179350f262182e36cd0be0fb1284b87adc518978f364333c6253541d8c"	"874216"	"2.0.0.0"
"C:\windows\system32\driverstore\filerepository\nv_dispi.inf_amd64_b20cc8aeaed64fc2\NvCamera\ReShadeFXC64.exe"	"Win32_PNPSignedDriverCIMDataFile"	"PCI\VEN_10DE&DEV_2D05&SUBSYS_8A151043&REV_A1\95B0EB63032DB04800"	"DriverStore"	"c:\windows\system32\driverstore\filerepository\nv_dispi.inf_amd64_b20cc8aeaed64fc2"	"C:\windows\system32\HostDriverStore\filerepository\nv_dispi.inf_amd64_b20cc8aeaed64fc2\NvCamera\ReShadeFXC64.exe"	"C:\windows\system32\HostDriverStore\filerepository\nv_dispi.inf_amd64_b20cc8aeaed64fc2\NvCamera\ReShadeFXC64.exe"	"True"	"40ac4457c74db17985e8d8d476169efde765f34419ac35602d177a6bce70cf02"	"970984"	"2.0.0.0"
"C:\windows\system32\driverstore\filerepository\nv_dispi.inf_amd64_b20cc8aeaed64fc2\NvCamera\scratches.jpg"	"Win32_PNPSignedDriverCIMDataFile"	"PCI\VEN_10DE&DEV_2D05&SUBSYS_8A151043&REV_A1\95B0EB63032DB04800"	"DriverStore"	"c:\windows\system32\driverstore\filerepository\nv_dispi.inf_amd64_b20cc8aeaed64fc2"	"C:\windows\system32\HostDriverStore\filerepository\nv_dispi.inf_amd64_b20cc8aeaed64fc2\NvCamera\scratches.jpg"	"C:\windows\system32\HostDriverStore\filerepository\nv_dispi.inf_amd64_b20cc8aeaed64fc2\NvCamera\scratches.jpg"	"True"	"070832fa0e0dc9588b207f2553c4222919038ecd7e148cf255f990a5862bd3bc"	"346354"	
"C:\windows\system32\driverstore\filerepository\nv_dispi.inf_amd64_b20cc8aeaed64fc2\NvCamera\ShotWithGeforce518x32.rgba"	"Win32_PNPSignedDriverCIMDataFile"	"PCI\VEN_10DE&DEV_2D05&SUBSYS_8A151043&REV_A1\95B0EB63032DB04800"	"DriverStore"	"c:\windows\system32\driverstore\filerepository\nv_dispi.inf_amd64_b20cc8aeaed64fc2"	"C:\windows\system32\HostDriverStore\filerepository\nv_dispi.inf_amd64_b20cc8aeaed64fc2\NvCamera\ShotWithGeforce518x32.rgba"	"C:\windows\system32\HostDriverStore\filerepository\nv_dispi.inf_amd64_b20cc8aeaed64fc2\NvCamera\ShotWithGeforce518x32.rgba"	"True"	"a5409aa5d5b6b921a290ad46f91b659a18defc5d6ac5f44f7cc6860377c9b19c"	"66304"	
"C:\windows\system32\driverstore\filerepository\nv_dispi.inf_amd64_b20cc8aeaed64fc2\NvCamera\SphericalEquirect32.exe"	"Win32_PNPSignedDriverCIMDataFile"	"PCI\VEN_10DE&DEV_2D05&SUBSYS_8A151043&REV_A1\95B0EB63032DB04800"	"DriverStore"	"c:\windows\system32\driverstore\filerepository\nv_dispi.inf_amd64_b20cc8aeaed64fc2"	"C:\windows\system32\HostDriverStore\filerepository\nv_dispi.inf_amd64_b20cc8aeaed64fc2\NvCamera\SphericalEquirect32.exe"	"C:\windows\system32\HostDriverStore\filerepository\nv_dispi.inf_amd64_b20cc8aeaed64fc2\NvCamera\SphericalEquirect32.exe"	"True"	"1f89dbf3a6f64db356c98d1af61dc2e0d9638de90170b9e9921add6cd3143950"	"3589352"	
"C:\windows\system32\driverstore\filerepository\nv_dispi.inf_amd64_b20cc8aeaed64fc2\NvCamera\SphericalEquirect64.exe"	"Win32_PNPSignedDriverCIMDataFile"	"PCI\VEN_10DE&DEV_2D05&SUBSYS_8A151043&REV_A1\95B0EB63032DB04800"	"DriverStore"	"c:\windows\system32\driverstore\filerepository\nv_dispi.inf_amd64_b20cc8aeaed64fc2"	"C:\windows\system32\HostDriverStore\filerepository\nv_dispi.inf_amd64_b20cc8aeaed64fc2\NvCamera\SphericalEquirect64.exe"	"C:\windows\system32\HostDriverStore\filerepository\nv_dispi.inf_amd64_b20cc8aeaed64fc2\NvCamera\SphericalEquirect64.exe"	"True"	"d4050848131be8fad567aeef83b8be57b94a64157027edb38111126defde32e0"	"3842280"	
"C:\windows\system32\driverstore\filerepository\nv_dispi.inf_amd64_b20cc8aeaed64fc2\NvCamera\Sticker01.png"	"Win32_PNPSignedDriverCIMDataFile"	"PCI\VEN_10DE&DEV_2D05&SUBSYS_8A151043&REV_A1\95B0EB63032DB04800"	"DriverStore"	"c:\windows\system32\driverstore\filerepository\nv_dispi.inf_amd64_b20cc8aeaed64fc2"	"C:\windows\system32\HostDriverStore\filerepository\nv_dispi.inf_amd64_b20cc8aeaed64fc2\NvCamera\Sticker01.png"	"C:\windows\system32\HostDriverStore\filerepository\nv_dispi.inf_amd64_b20cc8aeaed64fc2\NvCamera\Sticker01.png"	"True"	"74cb9db8963bec891d3c228011cb14442e5d42e6f0084f459958aa46d51a95f9"	"49695"	
"C:\windows\system32\driverstore\filerepository\nv_dispi.inf_amd64_b20cc8aeaed64fc2\NvCamera\Sticker02.png"	"Win32_PNPSignedDriverCIMDataFile"	"PCI\VEN_10DE&DEV_2D05&SUBSYS_8A151043&REV_A1\95B0EB63032DB04800"	"DriverStore"	"c:\windows\system32\driverstore\filerepository\nv_dispi.inf_amd64_b20cc8aeaed64fc2"	"C:\windows\system32\HostDriverStore\filerepository\nv_dispi.inf_amd64_b20cc8aeaed64fc2\NvCamera\Sticker02.png"	"C:\windows\system32\HostDriverStore\filerepository\nv_dispi.inf_amd64_b20cc8aeaed64fc2\NvCamera\Sticker02.png"	"True"	"be41bd42152193f6b8a2332052e9c2f860243e33d6e1e13dc7c535cd3a582bc3"	"474002"	
"C:\windows\system32\driverstore\filerepository\nv_dispi.inf_amd64_b20cc8aeaed64fc2\NvCamera\Sticker03.png"	"Win32_PNPSignedDriverCIMDataFile"	"PCI\VEN_10DE&DEV_2D05&SUBSYS_8A151043&REV_A1\95B0EB63032DB04800"	"DriverStore"	"c:\windows\system32\driverstore\filerepository\nv_dispi.inf_amd64_b20cc8aeaed64fc2"	"C:\windows\system32\HostDriverStore\filerepository\nv_dispi.inf_amd64_b20cc8aeaed64fc2\NvCamera\Sticker03.png"	"C:\windows\system32\HostDriverStore\filerepository\nv_dispi.inf_amd64_b20cc8aeaed64fc2\NvCamera\Sticker03.png"	"True"	"55951c4cd59a4703b7e57c614562a21f7339d25f4d0c1cf214804edc06da27d8"	"380006"	
"C:\windows\system32\driverstore\filerepository\nv_dispi.inf_amd64_b20cc8aeaed64fc2\NvCamera\Sticker04.png"	"Win32_PNPSignedDriverCIMDataFile"	"PCI\VEN_10DE&DEV_2D05&SUBSYS_8A151043&REV_A1\95B0EB63032DB04800"	"DriverStore"	"c:\windows\system32\driverstore\filerepository\nv_dispi.inf_amd64_b20cc8aeaed64fc2"	"C:\windows\system32\HostDriverStore\filerepository\nv_dispi.inf_amd64_b20cc8aeaed64fc2\NvCamera\Sticker04.png"	"C:\windows\system32\HostDriverStore\filerepository\nv_dispi.inf_amd64_b20cc8aeaed64fc2\NvCamera\Sticker04.png"	"True"	"7dbf46da595145ccb7727f6348e1721eabef104092c60a5139c61212d3106c04"	"86881"	
"C:\windows\system32\driverstore\filerepository\nv_dispi.inf_amd64_b20cc8aeaed64fc2\NvCamera\Sticker05.png"	"Win32_PNPSignedDriverCIMDataFile"	"PCI\VEN_10DE&DEV_2D05&SUBSYS_8A151043&REV_A1\95B0EB63032DB04800"	"DriverStore"	"c:\windows\system32\driverstore\filerepository\nv_dispi.inf_amd64_b20cc8aeaed64fc2"	"C:\windows\system32\HostDriverStore\filerepository\nv_dispi.inf_amd64_b20cc8aeaed64fc2\NvCamera\Sticker05.png"	"C:\windows\system32\HostDriverStore\filerepository\nv_dispi.inf_amd64_b20cc8aeaed64fc2\NvCamera\Sticker05.png"	"True"	"6656658740942d1ec08a048d8fce0bcb8f1966768f269165181fae59cfcf54ac"	"59304"	
"C:\windows\system32\driverstore\filerepository\nv_dispi.inf_amd64_b20cc8aeaed64fc2\NvCamera\Sticker06.png"	"Win32_PNPSignedDriverCIMDataFile"	"PCI\VEN_10DE&DEV_2D05&SUBSYS_8A151043&REV_A1\95B0EB63032DB04800"	"DriverStore"	"c:\windows\system32\driverstore\filerepository\nv_dispi.inf_amd64_b20cc8aeaed64fc2"	"C:\windows\system32\HostDriverStore\filerepository\nv_dispi.inf_amd64_b20cc8aeaed64fc2\NvCamera\Sticker06.png"	"C:\windows\system32\HostDriverStore\filerepository\nv_dispi.inf_amd64_b20cc8aeaed64fc2\NvCamera\Sticker06.png"	"True"	"f098ea5c5330c05655565a556801f0cda9c0d8ea6fd5facb566e6a41b68adcb1"	"13547"	
"C:\windows\system32\driverstore\filerepository\nv_dispi.inf_amd64_b20cc8aeaed64fc2\NvCamera\Sticker07.png"	"Win32_PNPSignedDriverCIMDataFile"	"PCI\VEN_10DE&DEV_2D05&SUBSYS_8A151043&REV_A1\95B0EB63032DB04800"	"DriverStore"	"c:\windows\system32\driverstore\filerepository\nv_dispi.inf_amd64_b20cc8aeaed64fc2"	"C:\windows\system32\HostDriverStore\filerepository\nv_dispi.inf_amd64_b20cc8aeaed64fc2\NvCamera\Sticker07.png"	"C:\windows\system32\HostDriverStore\filerepository\nv_dispi.inf_amd64_b20cc8aeaed64fc2\NvCamera\Sticker07.png"	"True"	"d5bbbe68e282fe395b38bc4c6cb22eb5237ee54ad4cd695715ca1a3f57fb80f5"	"6342"	
"C:\windows\system32\driverstore\filerepository\nv_dispi.inf_amd64_b20cc8aeaed64fc2\NvCamera\Sticker08.png"	"Win32_PNPSignedDriverCIMDataFile"	"PCI\VEN_10DE&DEV_2D05&SUBSYS_8A151043&REV_A1\95B0EB63032DB04800"	"DriverStore"	"c:\windows\system32\driverstore\filerepository\nv_dispi.inf_amd64_b20cc8aeaed64fc2"	"C:\windows\system32\HostDriverStore\filerepository\nv_dispi.inf_amd64_b20cc8aeaed64fc2\NvCamera\Sticker08.png"	"C:\windows\system32\HostDriverStore\filerepository\nv_dispi.inf_amd64_b20cc8aeaed64fc2\NvCamera\Sticker08.png"	"True"	"b06e97e4af673dbb1d0b3d3a48b95f8128f2d15022a2ed5716051836b139588d"	"96493"	
"C:\windows\system32\driverstore\filerepository\nv_dispi.inf_amd64_b20cc8aeaed64fc2\NvCamera\tools_licenses.txt"	"Win32_PNPSignedDriverCIMDataFile"	"PCI\VEN_10DE&DEV_2D05&SUBSYS_8A151043&REV_A1\95B0EB63032DB04800"	"DriverStore"	"c:\windows\system32\driverstore\filerepository\nv_dispi.inf_amd64_b20cc8aeaed64fc2"	"C:\windows\system32\HostDriverStore\filerepository\nv_dispi.inf_amd64_b20cc8aeaed64fc2\NvCamera\tools_licenses.txt"	"C:\windows\system32\HostDriverStore\filerepository\nv_dispi.inf_amd64_b20cc8aeaed64fc2\NvCamera\tools_licenses.txt"	"True"	"471daf82a66ba42dd5fca87ff4a3850c23affbea465e82cfd6b069d700aeafbb"	"15970"	
"C:\windows\system32\driverstore\filerepository\nv_dispi.inf_amd64_b20cc8aeaed64fc2\NvCamera\ui.tga"	"Win32_PNPSignedDriverCIMDataFile"	"PCI\VEN_10DE&DEV_2D05&SUBSYS_8A151043&REV_A1\95B0EB63032DB04800"	"DriverStore"	"c:\windows\system32\driverstore\filerepository\nv_dispi.inf_amd64_b20cc8aeaed64fc2"	"C:\windows\system32\HostDriverStore\filerepository\nv_dispi.inf_amd64_b20cc8aeaed64fc2\NvCamera\ui.tga"	"C:\windows\system32\HostDriverStore\filerepository\nv_dispi.inf_amd64_b20cc8aeaed64fc2\NvCamera\ui.tga"	"True"	"07690a3ad4bea08e772d87428e8d96d80652ca527de3aa10cc5fa166065f80d8"	"121321"	
"C:\windows\system32\driverstore\filerepository\nv_dispi.inf_amd64_b20cc8aeaed64fc2\nvcoproc.bin"	"Win32_PNPSignedDriverCIMDataFile"	"PCI\VEN_10DE&DEV_2D05&SUBSYS_8A151043&REV_A1\95B0EB63032DB04800"	"DriverStore"	"c:\windows\system32\driverstore\filerepository\nv_dispi.inf_amd64_b20cc8aeaed64fc2"	"C:\windows\system32\HostDriverStore\filerepository\nv_dispi.inf_amd64_b20cc8aeaed64fc2\nvcoproc.bin"	"C:\windows\system32\HostDriverStore\filerepository\nv_dispi.inf_amd64_b20cc8aeaed64fc2\nvcoproc.bin"	"True"	"465929076183bdda84c0712f2ca1232754075872e7c657c19388e456fe538a3c"	"12665896"	
"C:\windows\system32\driverstore\filerepository\nv_dispi.inf_amd64_b20cc8aeaed64fc2\nvcpl.dll"	"Win32_PNPSignedDriverCIMDataFile"	"PCI\VEN_10DE&DEV_2D05&SUBSYS_8A151043&REV_A1\95B0EB63032DB04800"	"DriverStore"	"c:\windows\system32\driverstore\filerepository\nv_dispi.inf_amd64_b20cc8aeaed64fc2"	"C:\windows\system32\HostDriverStore\filerepository\nv_dispi.inf_amd64_b20cc8aeaed64fc2\nvcpl.dll"	"C:\windows\system32\HostDriverStore\filerepository\nv_dispi.inf_amd64_b20cc8aeaed64fc2\nvcpl.dll"	"True"	"f0e63e4627876a11774cd3ed35cce7ab4b75b2303674d1bea1ae58421bfed54f"	"5926120"	"8.17.16.1692"
"C:\windows\system32\driverstore\filerepository\nv_dispi.inf_amd64_b20cc8aeaed64fc2\nvcubins.bin"	"Win32_PNPSignedDriverCIMDataFile"	"PCI\VEN_10DE&DEV_2D05&SUBSYS_8A151043&REV_A1\95B0EB63032DB04800"	"DriverStore"	"c:\windows\system32\driverstore\filerepository\nv_dispi.inf_amd64_b20cc8aeaed64fc2"	"C:\windows\system32\HostDriverStore\filerepository\nv_dispi.inf_amd64_b20cc8aeaed64fc2\nvcubins.bin"	"C:\windows\system32\HostDriverStore\filerepository\nv_dispi.inf_amd64_b20cc8aeaed64fc2\nvcubins.bin"	"True"	"145d94ab5e39ee87c6224f649f852ffd1107b948af3b350efbbff147ff9803ee"	"92873104"	
"C:\windows\system32\driverstore\filerepository\nv_dispi.inf_amd64_b20cc8aeaed64fc2\nvcuda_loader32.dll"	"whole service/associated package tree"	"PCI\VEN_10DE&DEV_2D05&SUBSYS_8A151043&REV_A1\95B0EB63032DB04800"	"DriverStore"	"c:\windows\system32\driverstore\filerepository\nv_dispi.inf_amd64_b20cc8aeaed64fc2"	"C:\windows\system32\HostDriverStore\filerepository\nv_dispi.inf_amd64_b20cc8aeaed64fc2\nvcuda_loader32.dll"	"C:\windows\system32\HostDriverStore\filerepository\nv_dispi.inf_amd64_b20cc8aeaed64fc2\nvcuda_loader32.dll"	"True"	"cbd610b239ae131e5a6fa9e230b10f697581fdcd17f6717c16346c147ffa8d10"	"8488168"	"32.0.16.1692"
"C:\windows\system32\driverstore\filerepository\nv_dispi.inf_amd64_b20cc8aeaed64fc2\nvcuda_loader64.dll"	"whole service/associated package tree"	"PCI\VEN_10DE&DEV_2D05&SUBSYS_8A151043&REV_A1\95B0EB63032DB04800"	"DriverStore"	"c:\windows\system32\driverstore\filerepository\nv_dispi.inf_amd64_b20cc8aeaed64fc2"	"C:\windows\system32\HostDriverStore\filerepository\nv_dispi.inf_amd64_b20cc8aeaed64fc2\nvcuda_loader64.dll"	"C:\windows\system32\HostDriverStore\filerepository\nv_dispi.inf_amd64_b20cc8aeaed64fc2\nvcuda_loader64.dll"	"True"	"f2b550e83f56b7b819efe382d712d125ee180341f012bd0aba2288320609a45a"	"4790504"	"32.0.16.1692"
"C:\windows\system32\driverstore\filerepository\nv_dispi.inf_amd64_b20cc8aeaed64fc2\nvcuda32.dll"	"Win32_PNPSignedDriverCIMDataFile"	"PCI\VEN_10DE&DEV_2D05&SUBSYS_8A151043&REV_A1\95B0EB63032DB04800"	"DriverStore"	"c:\windows\system32\driverstore\filerepository\nv_dispi.inf_amd64_b20cc8aeaed64fc2"	"C:\windows\system32\HostDriverStore\filerepository\nv_dispi.inf_amd64_b20cc8aeaed64fc2\nvcuda32.dll"	"C:\windows\system32\HostDriverStore\filerepository\nv_dispi.inf_amd64_b20cc8aeaed64fc2\nvcuda32.dll"	"True"	"06be89cf1a851a89b8adc9e0b26efc79db82ad6e37f2ece602b2440c9742f720"	"38750440"	"32.0.16.1692"
"C:\windows\system32\driverstore\filerepository\nv_dispi.inf_amd64_b20cc8aeaed64fc2\nvcuda64.dll"	"Win32_PNPSignedDriverCIMDataFile"	"PCI\VEN_10DE&DEV_2D05&SUBSYS_8A151043&REV_A1\95B0EB63032DB04800"	"DriverStore"	"c:\windows\system32\driverstore\filerepository\nv_dispi.inf_amd64_b20cc8aeaed64fc2"	"C:\windows\system32\HostDriverStore\filerepository\nv_dispi.inf_amd64_b20cc8aeaed64fc2\nvcuda64.dll"	"C:\windows\system32\HostDriverStore\filerepository\nv_dispi.inf_amd64_b20cc8aeaed64fc2\nvcuda64.dll"	"True"	"c60e766d0e4697aaca4e31ce61426b807ae8c0da5d298654a1660b9722c0cafe"	"11655400"	"32.0.16.1692"
"C:\windows\system32\driverstore\filerepository\nv_dispi.inf_amd64_b20cc8aeaed64fc2\nvcudadebugger.dll"	"whole service/associated package tree"	"PCI\VEN_10DE&DEV_2D05&SUBSYS_8A151043&REV_A1\95B0EB63032DB04800"	"DriverStore"	"c:\windows\system32\driverstore\filerepository\nv_dispi.inf_amd64_b20cc8aeaed64fc2"	"C:\windows\system32\HostDriverStore\filerepository\nv_dispi.inf_amd64_b20cc8aeaed64fc2\nvcudadebugger.dll"	"C:\windows\system32\HostDriverStore\filerepository\nv_dispi.inf_amd64_b20cc8aeaed64fc2\nvcudadebugger.dll"	"True"	"f5e8ddb94b03e25b092d6d85d6165a53be471d9b89eaca7f4587d754665f1c1b"	"6052584"	"0.0.0.0"
"C:\windows\system32\driverstore\filerepository\nv_dispi.inf_amd64_b20cc8aeaed64fc2\nvcudaETW.xml"	"Win32_PNPSignedDriverCIMDataFile"	"PCI\VEN_10DE&DEV_2D05&SUBSYS_8A151043&REV_A1\95B0EB63032DB04800"	"DriverStore"	"c:\windows\system32\driverstore\filerepository\nv_dispi.inf_amd64_b20cc8aeaed64fc2"	"C:\windows\system32\HostDriverStore\filerepository\nv_dispi.inf_amd64_b20cc8aeaed64fc2\nvcudaETW.xml"	"C:\windows\system32\HostDriverStore\filerepository\nv_dispi.inf_amd64_b20cc8aeaed64fc2\nvcudaETW.xml"	"True"	"1f2be48968efa4fb3f694feac9b881246c03650beec10e8c1835f790b314b685"	"22129"	
"C:\windows\system32\driverstore\filerepository\nv_dispi.inf_amd64_b20cc8aeaed64fc2\nvcudart_hybrid64.dll"	"Win32_PNPSignedDriverCIMDataFile"	"PCI\VEN_10DE&DEV_2D05&SUBSYS_8A151043&REV_A1\95B0EB63032DB04800"	"DriverStore"	"c:\windows\system32\driverstore\filerepository\nv_dispi.inf_amd64_b20cc8aeaed64fc2"	"C:\windows\system32\HostDriverStore\filerepository\nv_dispi.inf_amd64_b20cc8aeaed64fc2\nvcudart_hybrid64.dll"	"C:\windows\system32\HostDriverStore\filerepository\nv_dispi.inf_amd64_b20cc8aeaed64fc2\nvcudart_hybrid64.dll"	"True"	"1cc0ed3a2db2e95b4ac9ea2e8108daa1932918c0b9340d7051669c6f499112ad"	"1160936"	"6,14,11,13040"
"C:\windows\system32\driverstore\filerepository\nv_dispi.inf_amd64_b20cc8aeaed64fc2\nvcuvid32.dll"	"whole service/associated package tree"	"PCI\VEN_10DE&DEV_2D05&SUBSYS_8A151043&REV_A1\95B0EB63032DB04800"	"DriverStore"	"c:\windows\system32\driverstore\filerepository\nv_dispi.inf_amd64_b20cc8aeaed64fc2"	"C:\windows\system32\HostDriverStore\filerepository\nv_dispi.inf_amd64_b20cc8aeaed64fc2\nvcuvid32.dll"	"C:\windows\system32\HostDriverStore\filerepository\nv_dispi.inf_amd64_b20cc8aeaed64fc2\nvcuvid32.dll"	"True"	"5f0f77c51640da6ca67bdc10ecec4d358d397ecdc974aa58db83e8a42fa3003d"	"20934376"	"7.17.16.1692"
"C:\windows\system32\driverstore\filerepository\nv_dispi.inf_amd64_b20cc8aeaed64fc2\nvcuvid64.dll"	"whole service/associated package tree"	"PCI\VEN_10DE&DEV_2D05&SUBSYS_8A151043&REV_A1\95B0EB63032DB04800"	"DriverStore"	"c:\windows\system32\driverstore\filerepository\nv_dispi.inf_amd64_b20cc8aeaed64fc2"	"C:\windows\system32\HostDriverStore\filerepository\nv_dispi.inf_amd64_b20cc8aeaed64fc2\nvcuvid64.dll"	"C:\windows\system32\HostDriverStore\filerepository\nv_dispi.inf_amd64_b20cc8aeaed64fc2\nvcuvid64.dll"	"True"	"b28bc3f70e60f59ad4b7de9404331350e36dd3a6f66329398238dd6dc6bea06f"	"32279784"	"7.17.16.1692"
"C:\windows\system32\driverstore\filerepository\nv_dispi.inf_amd64_b20cc8aeaed64fc2\nvd3dum.dll"	"Win32_PNPSignedDriverCIMDataFile"	"PCI\VEN_10DE&DEV_2D05&SUBSYS_8A151043&REV_A1\95B0EB63032DB04800"	"DriverStore"	"c:\windows\system32\driverstore\filerepository\nv_dispi.inf_amd64_b20cc8aeaed64fc2"	"C:\windows\system32\HostDriverStore\filerepository\nv_dispi.inf_amd64_b20cc8aeaed64fc2\nvd3dum.dll"	"C:\windows\system32\HostDriverStore\filerepository\nv_dispi.inf_amd64_b20cc8aeaed64fc2\nvd3dum.dll"	"True"	"6c9aefc22e922d065939b710490f55016dcc4dbb37b2e3910d941a18d823fa77"	"46352824"	"32.0.16.1692"
"C:\windows\system32\driverstore\filerepository\nv_dispi.inf_amd64_b20cc8aeaed64fc2\nvd3dumx.dll"	"Win32_PNPSignedDriverCIMDataFile"	"PCI\VEN_10DE&DEV_2D05&SUBSYS_8A151043&REV_A1\95B0EB63032DB04800"	"DriverStore"	"c:\windows\system32\driverstore\filerepository\nv_dispi.inf_amd64_b20cc8aeaed64fc2"	"C:\windows\system32\HostDriverStore\filerepository\nv_dispi.inf_amd64_b20cc8aeaed64fc2\nvd3dumx.dll"	"C:\windows\system32\HostDriverStore\filerepository\nv_dispi.inf_amd64_b20cc8aeaed64fc2\nvd3dumx.dll"	"True"	"42d6538d8338557beeb252141bc9c59ef17b9fa645896f911f4970b6da284627"	"44045880"	"32.0.16.1692"
"C:\windows\system32\driverstore\filerepository\nv_dispi.inf_amd64_b20cc8aeaed64fc2\nvdebugdump.exe"	"whole service/associated package tree"	"PCI\VEN_10DE&DEV_2D05&SUBSYS_8A151043&REV_A1\95B0EB63032DB04800"	"DriverStore"	"c:\windows\system32\driverstore\filerepository\nv_dispi.inf_amd64_b20cc8aeaed64fc2"	"C:\windows\system32\HostDriverStore\filerepository\nv_dispi.inf_amd64_b20cc8aeaed64fc2\nvdebugdump.exe"	"C:\windows\system32\HostDriverStore\filerepository\nv_dispi.inf_amd64_b20cc8aeaed64fc2\nvdebugdump.exe"	"True"	"8639307ffa53983d269acf551403f9f8a7dd063932effab92d4cb5355d816bd9"	"470760"	"6.14.16.1692"
"C:\windows\system32\driverstore\filerepository\nv_dispi.inf_amd64_b20cc8aeaed64fc2\nvDecMFTMjpeg.dll"	"Win32_PNPSignedDriverCIMDataFile"	"PCI\VEN_10DE&DEV_2D05&SUBSYS_8A151043&REV_A1\95B0EB63032DB04800"	"DriverStore"	"c:\windows\system32\driverstore\filerepository\nv_dispi.inf_amd64_b20cc8aeaed64fc2"	"C:\windows\system32\HostDriverStore\filerepository\nv_dispi.inf_amd64_b20cc8aeaed64fc2\nvDecMFTMjpeg.dll"	"C:\windows\system32\HostDriverStore\filerepository\nv_dispi.inf_amd64_b20cc8aeaed64fc2\nvDecMFTMjpeg.dll"	"True"	"bd7e62750936a8c7bc46666f02c1b211370c12a52ef190cb7c4e2907529d2ee5"	"516328"	"32.0.16.1692"
"C:\windows\system32\driverstore\filerepository\nv_dispi.inf_amd64_b20cc8aeaed64fc2\nvDecMFTMjpegx.dll"	"Win32_PNPSignedDriverCIMDataFile"	"PCI\VEN_10DE&DEV_2D05&SUBSYS_8A151043&REV_A1\95B0EB63032DB04800"	"DriverStore"	"c:\windows\system32\driverstore\filerepository\nv_dispi.inf_amd64_b20cc8aeaed64fc2"	"C:\windows\system32\HostDriverStore\filerepository\nv_dispi.inf_amd64_b20cc8aeaed64fc2\nvDecMFTMjpegx.dll"	"C:\windows\system32\HostDriverStore\filerepository\nv_dispi.inf_amd64_b20cc8aeaed64fc2\nvDecMFTMjpegx.dll"	"True"	"b2f64fbe7fbcac711eaa45fdca076f87975fd0a11641ecfb71fc82fff659d4a2"	"679144"	"32.0.16.1692"
"C:\windows\system32\driverstore\filerepository\nv_dispi.inf_amd64_b20cc8aeaed64fc2\nvdevtools.dll"	"Win32_PNPSignedDriverCIMDataFile"	"PCI\VEN_10DE&DEV_2D05&SUBSYS_8A151043&REV_A1\95B0EB63032DB04800"	"DriverStore"	"c:\windows\system32\driverstore\filerepository\nv_dispi.inf_amd64_b20cc8aeaed64fc2"	"C:\windows\system32\HostDriverStore\filerepository\nv_dispi.inf_amd64_b20cc8aeaed64fc2\nvdevtools.dll"	"C:\windows\system32\HostDriverStore\filerepository\nv_dispi.inf_amd64_b20cc8aeaed64fc2\nvdevtools.dll"	"True"	"b04f35dc8048443683d8d7ca13f7e27c7c95f7cbb36889b201bce5cd01cf0e07"	"4609768"	"32.0.16.1692"
"C:\windows\system32\driverstore\filerepository\nv_dispi.inf_amd64_b20cc8aeaed64fc2\nvdevtoolsr.dll"	"Win32_PNPSignedDriverCIMDataFile"	"PCI\VEN_10DE&DEV_2D05&SUBSYS_8A151043&REV_A1\95B0EB63032DB04800"	"DriverStore"	"c:\windows\system32\driverstore\filerepository\nv_dispi.inf_amd64_b20cc8aeaed64fc2"	"C:\windows\system32\HostDriverStore\filerepository\nv_dispi.inf_amd64_b20cc8aeaed64fc2\nvdevtoolsr.dll"	"C:\windows\system32\HostDriverStore\filerepository\nv_dispi.inf_amd64_b20cc8aeaed64fc2\nvdevtoolsr.dll"	"True"	"9ff5386310ebdcd30f1c729c6d5f95e0dc3a9b63dac6a4d476a30ef9d5bef1ae"	"245992"	"32.0.16.1692"
"C:\windows\system32\driverstore\filerepository\nv_dispi.inf_amd64_b20cc8aeaed64fc2\nvdiagclt32.dll"	"Win32_PNPSignedDriverCIMDataFile"	"PCI\VEN_10DE&DEV_2D05&SUBSYS_8A151043&REV_A1\95B0EB63032DB04800"	"DriverStore"	"c:\windows\system32\driverstore\filerepository\nv_dispi.inf_amd64_b20cc8aeaed64fc2"	"C:\windows\system32\HostDriverStore\filerepository\nv_dispi.inf_amd64_b20cc8aeaed64fc2\nvdiagclt32.dll"	"C:\windows\system32\HostDriverStore\filerepository\nv_dispi.inf_amd64_b20cc8aeaed64fc2\nvdiagclt32.dll"	"True"	"17c641d035b5ebddfe3950555f5afe4c9b7f2341e46fe11db465290326a83123"	"688872"	
"C:\windows\system32\driverstore\filerepository\nv_dispi.inf_amd64_b20cc8aeaed64fc2\nvdiagclt64.dll"	"Win32_PNPSignedDriverCIMDataFile"	"PCI\VEN_10DE&DEV_2D05&SUBSYS_8A151043&REV_A1\95B0EB63032DB04800"	"DriverStore"	"c:\windows\system32\driverstore\filerepository\nv_dispi.inf_amd64_b20cc8aeaed64fc2"	"C:\windows\system32\HostDriverStore\filerepository\nv_dispi.inf_amd64_b20cc8aeaed64fc2\nvdiagclt64.dll"	"C:\windows\system32\HostDriverStore\filerepository\nv_dispi.inf_amd64_b20cc8aeaed64fc2\nvdiagclt64.dll"	"True"	"5a5a1a165274784bde533923ba6337693a22615279ad91b0067108ba00486da1"	"872168"	
"C:\windows\system32\driverstore\filerepository\nv_dispi.inf_amd64_b20cc8aeaed64fc2\nvdirectsr.dll"	"Win32_PNPSignedDriverCIMDataFile"	"PCI\VEN_10DE&DEV_2D05&SUBSYS_8A151043&REV_A1\95B0EB63032DB04800"	"DriverStore"	"c:\windows\system32\driverstore\filerepository\nv_dispi.inf_amd64_b20cc8aeaed64fc2"	"C:\windows\system32\HostDriverStore\filerepository\nv_dispi.inf_amd64_b20cc8aeaed64fc2\nvdirectsr.dll"	"C:\windows\system32\HostDriverStore\filerepository\nv_dispi.inf_amd64_b20cc8aeaed64fc2\nvdirectsr.dll"	"True"	"d97810e1cafdb22bd1fc0cf8a338cdf21d5125cc990a96d1a0471093aad85beb"	"25025768"	"310,2,1,0"
"C:\windows\system32\driverstore\filerepository\nv_dispi.inf_amd64_b20cc8aeaed64fc2\nvdispco64.exe"	"Win32_PNPSignedDriverCIMDataFile"	"PCI\VEN_10DE&DEV_2D05&SUBSYS_8A151043&REV_A1\95B0EB63032DB04800"	"DriverStore"	"c:\windows\system32\driverstore\filerepository\nv_dispi.inf_amd64_b20cc8aeaed64fc2"	"C:\windows\system32\HostDriverStore\filerepository\nv_dispi.inf_amd64_b20cc8aeaed64fc2\nvdispco64.exe"	"C:\windows\system32\HostDriverStore\filerepository\nv_dispi.inf_amd64_b20cc8aeaed64fc2\nvdispco64.exe"	"True"	"c7566e3d4fb5d27781029b0eee1cbf5d7365d3497d9cda284930697cbfa61d5c"	"1769704"	"1, 0, 16, 0"
"C:\windows\system32\driverstore\filerepository\nv_dispi.inf_amd64_b20cc8aeaed64fc2\nvdisps.dll"	"Win32_PNPSignedDriverCIMDataFile"	"PCI\VEN_10DE&DEV_2D05&SUBSYS_8A151043&REV_A1\95B0EB63032DB04800"	"DriverStore"	"c:\windows\system32\driverstore\filerepository\nv_dispi.inf_amd64_b20cc8aeaed64fc2"	"C:\windows\system32\HostDriverStore\filerepository\nv_dispi.inf_amd64_b20cc8aeaed64fc2\nvdisps.dll"	"C:\windows\system32\HostDriverStore\filerepository\nv_dispi.inf_amd64_b20cc8aeaed64fc2\nvdisps.dll"	"True"	"0460f358721a1a5b61454b904e0ef3b040674c45167f6fd65c56374b9f8d23a3"	"11677928"	"32.0.16.1692"
"C:\windows\system32\driverstore\filerepository\nv_dispi.inf_amd64_b20cc8aeaed64fc2\nvdispsr.dll"	"Win32_PNPSignedDriverCIMDataFile"	"PCI\VEN_10DE&DEV_2D05&SUBSYS_8A151043&REV_A1\95B0EB63032DB04800"	"DriverStore"	"c:\windows\system32\driverstore\filerepository\nv_dispi.inf_amd64_b20cc8aeaed64fc2"	"C:\windows\system32\HostDriverStore\filerepository\nv_dispi.inf_amd64_b20cc8aeaed64fc2\nvdispsr.dll"	"C:\windows\system32\HostDriverStore\filerepository\nv_dispi.inf_amd64_b20cc8aeaed64fc2\nvdispsr.dll"	"True"	"62153455f112c4f9d47aa496f2d150333153441914a32addacf41971fb92e8cb"	"11574504"	"32.0.16.1692"
"C:\windows\system32\driverstore\filerepository\nv_dispi.inf_amd64_b20cc8aeaed64fc2\nvdlist.dll"	"Win32_PNPSignedDriverCIMDataFile"	"PCI\VEN_10DE&DEV_2D05&SUBSYS_8A151043&REV_A1\95B0EB63032DB04800"	"DriverStore"	"c:\windows\system32\driverstore\filerepository\nv_dispi.inf_amd64_b20cc8aeaed64fc2"	"C:\windows\system32\HostDriverStore\filerepository\nv_dispi.inf_amd64_b20cc8aeaed64fc2\nvdlist.dll"	"C:\windows\system32\HostDriverStore\filerepository\nv_dispi.inf_amd64_b20cc8aeaed64fc2\nvdlist.dll"	"True"	"e84ac4ccd91c2a52db7d8f054cc9daf0685fa5968a7285a25df3a277eb0619cb"	"207176"	"32.0.16.1692"
"C:\windows\system32\driverstore\filerepository\nv_dispi.inf_amd64_b20cc8aeaed64fc2\nvdlistx.dll"	"Win32_PNPSignedDriverCIMDataFile"	"PCI\VEN_10DE&DEV_2D05&SUBSYS_8A151043&REV_A1\95B0EB63032DB04800"	"DriverStore"	"c:\windows\system32\driverstore\filerepository\nv_dispi.inf_amd64_b20cc8aeaed64fc2"	"C:\windows\system32\HostDriverStore\filerepository\nv_dispi.inf_amd64_b20cc8aeaed64fc2\nvdlistx.dll"	"C:\windows\system32\HostDriverStore\filerepository\nv_dispi.inf_amd64_b20cc8aeaed64fc2\nvdlistx.dll"	"True"	"9d7f2dd3f86cbac1c8b90ccebf58aa541fa1b4632ea1873c31528fe130a7b7ce"	"244768"	"32.0.16.1692"
"C:\windows\system32\driverstore\filerepository\nv_dispi.inf_amd64_b20cc8aeaed64fc2\nvdlppx.dll"	"Win32_PNPSignedDriverCIMDataFile"	"PCI\VEN_10DE&DEV_2D05&SUBSYS_8A151043&REV_A1\95B0EB63032DB04800"	"DriverStore"	"c:\windows\system32\driverstore\filerepository\nv_dispi.inf_amd64_b20cc8aeaed64fc2"	"C:\windows\system32\HostDriverStore\filerepository\nv_dispi.inf_amd64_b20cc8aeaed64fc2\nvdlppx.dll"	"C:\windows\system32\HostDriverStore\filerepository\nv_dispi.inf_amd64_b20cc8aeaed64fc2\nvdlppx.dll"	"True"	"75246722dcfc62f8784ccb1ca16a56013c1cb159cd29945c22a8620d65d3d979"	"25483136"	"32.0.16.1692"
"C:\windows\system32\driverstore\filerepository\nv_dispi.inf_amd64_b20cc8aeaed64fc2\nvdrsdb.bin"	"whole service/associated package tree"	"PCI\VEN_10DE&DEV_2D05&SUBSYS_8A151043&REV_A1\95B0EB63032DB04800"	"DriverStore"	"c:\windows\system32\driverstore\filerepository\nv_dispi.inf_amd64_b20cc8aeaed64fc2"	"C:\windows\system32\HostDriverStore\filerepository\nv_dispi.inf_amd64_b20cc8aeaed64fc2\nvdrsdb.bin"	"C:\windows\system32\HostDriverStore\filerepository\nv_dispi.inf_amd64_b20cc8aeaed64fc2\nvdrsdb.bin"	"True"	"71d7aac8886d9d42e720999e89e731e7eb0eb3f7b6d2c765e304d0b59f671ea7"	"1495976"	
"C:\windows\system32\driverstore\filerepository\nv_dispi.inf_amd64_b20cc8aeaed64fc2\nvdxdlkernels.dll"	"Win32_PNPSignedDriverCIMDataFile"	"PCI\VEN_10DE&DEV_2D05&SUBSYS_8A151043&REV_A1\95B0EB63032DB04800"	"DriverStore"	"c:\windows\system32\driverstore\filerepository\nv_dispi.inf_amd64_b20cc8aeaed64fc2"	"C:\windows\system32\HostDriverStore\filerepository\nv_dispi.inf_amd64_b20cc8aeaed64fc2\nvdxdlkernels.dll"	"C:\windows\system32\HostDriverStore\filerepository\nv_dispi.inf_amd64_b20cc8aeaed64fc2\nvdxdlkernels.dll"	"True"	"cfbac528688af64005a3e253b80f6070098d102e30fb5fcf2e11e3a9e3d1e8e3"	"174441704"	"32.0.16.1692"
"C:\windows\system32\driverstore\filerepository\nv_dispi.inf_amd64_b20cc8aeaed64fc2\nvdxgdmal32.dll"	"Win32_PNPSignedDriverCIMDataFile"	"PCI\VEN_10DE&DEV_2D05&SUBSYS_8A151043&REV_A1\95B0EB63032DB04800"	"DriverStore"	"c:\windows\system32\driverstore\filerepository\nv_dispi.inf_amd64_b20cc8aeaed64fc2"	"C:\windows\system32\HostDriverStore\filerepository\nv_dispi.inf_amd64_b20cc8aeaed64fc2\nvdxgdmal32.dll"	"C:\windows\system32\HostDriverStore\filerepository\nv_dispi.inf_amd64_b20cc8aeaed64fc2\nvdxgdmal32.dll"	"True"	"661c81a1df9b3c979a74c3c8959f15480c6857478aa092799ba35d63e6932410"	"556264"	
"C:\windows\system32\driverstore\filerepository\nv_dispi.inf_amd64_b20cc8aeaed64fc2\nvdxgdmal64.dll"	"Win32_PNPSignedDriverCIMDataFile"	"PCI\VEN_10DE&DEV_2D05&SUBSYS_8A151043&REV_A1\95B0EB63032DB04800"	"DriverStore"	"c:\windows\system32\driverstore\filerepository\nv_dispi.inf_amd64_b20cc8aeaed64fc2"	"C:\windows\system32\HostDriverStore\filerepository\nv_dispi.inf_amd64_b20cc8aeaed64fc2\nvdxgdmal64.dll"	"C:\windows\system32\HostDriverStore\filerepository\nv_dispi.inf_amd64_b20cc8aeaed64fc2\nvdxgdmal64.dll"	"True"	"ff0a479c908d6b39175c3ba2832153611ab4dddc79bab102a3ea3a3b74311386"	"714472"	
"C:\windows\system32\driverstore\filerepository\nv_dispi.inf_amd64_b20cc8aeaed64fc2\nvdxgdmalETW.xml"	"Win32_PNPSignedDriverCIMDataFile"	"PCI\VEN_10DE&DEV_2D05&SUBSYS_8A151043&REV_A1\95B0EB63032DB04800"	"DriverStore"	"c:\windows\system32\driverstore\filerepository\nv_dispi.inf_amd64_b20cc8aeaed64fc2"	"C:\windows\system32\HostDriverStore\filerepository\nv_dispi.inf_amd64_b20cc8aeaed64fc2\nvdxgdmalETW.xml"	"C:\windows\system32\HostDriverStore\filerepository\nv_dispi.inf_amd64_b20cc8aeaed64fc2\nvdxgdmalETW.xml"	"True"	"9d2d72e3b4d5e026f35fda215ebf47f6548219949e73f6a72aa1884dab35d963"	"15071"	
"C:\windows\system32\driverstore\filerepository\nv_dispi.inf_amd64_b20cc8aeaed64fc2\nvEncMFTav1.dll"	"Win32_PNPSignedDriverCIMDataFile"	"PCI\VEN_10DE&DEV_2D05&SUBSYS_8A151043&REV_A1\95B0EB63032DB04800"	"DriverStore"	"c:\windows\system32\driverstore\filerepository\nv_dispi.inf_amd64_b20cc8aeaed64fc2"	"C:\windows\system32\HostDriverStore\filerepository\nv_dispi.inf_amd64_b20cc8aeaed64fc2\nvEncMFTav1.dll"	"C:\windows\system32\HostDriverStore\filerepository\nv_dispi.inf_amd64_b20cc8aeaed64fc2\nvEncMFTav1.dll"	"True"	"ee1398289576c921469323d713d6be30dcc81e7e2a8a05faeed9e28c5c2041dd"	"870632"	"32.0.16.1692"
"C:\windows\system32\driverstore\filerepository\nv_dispi.inf_amd64_b20cc8aeaed64fc2\nvEncMFTav1x.dll"	"Win32_PNPSignedDriverCIMDataFile"	"PCI\VEN_10DE&DEV_2D05&SUBSYS_8A151043&REV_A1\95B0EB63032DB04800"	"DriverStore"	"c:\windows\system32\driverstore\filerepository\nv_dispi.inf_amd64_b20cc8aeaed64fc2"	"C:\windows\system32\HostDriverStore\filerepository\nv_dispi.inf_amd64_b20cc8aeaed64fc2\nvEncMFTav1x.dll"	"C:\windows\system32\HostDriverStore\filerepository\nv_dispi.inf_amd64_b20cc8aeaed64fc2\nvEncMFTav1x.dll"	"True"	"09f7230c2cd850b3473a93b3993a514ef4fc420b2f0886589fd79fc8e6880567"	"1115880"	"32.0.16.1692"
"C:\windows\system32\driverstore\filerepository\nv_dispi.inf_amd64_b20cc8aeaed64fc2\nvEncMFTH264.dll"	"Win32_PNPSignedDriverCIMDataFile"	"PCI\VEN_10DE&DEV_2D05&SUBSYS_8A151043&REV_A1\95B0EB63032DB04800"	"DriverStore"	"c:\windows\system32\driverstore\filerepository\nv_dispi.inf_amd64_b20cc8aeaed64fc2"	"C:\windows\system32\HostDriverStore\filerepository\nv_dispi.inf_amd64_b20cc8aeaed64fc2\nvEncMFTH264.dll"	"C:\windows\system32\HostDriverStore\filerepository\nv_dispi.inf_amd64_b20cc8aeaed64fc2\nvEncMFTH264.dll"	"True"	"ae93ef67ee2f2e664a10e0d66dea0fc322fc3499e41dc1a9f0a7dd525867fcbe"	"879336"	"32.0.16.1692"
"C:\windows\system32\driverstore\filerepository\nv_dispi.inf_amd64_b20cc8aeaed64fc2\nvEncMFTH264x.dll"	"Win32_PNPSignedDriverCIMDataFile"	"PCI\VEN_10DE&DEV_2D05&SUBSYS_8A151043&REV_A1\95B0EB63032DB04800"	"DriverStore"	"c:\windows\system32\driverstore\filerepository\nv_dispi.inf_amd64_b20cc8aeaed64fc2"	"C:\windows\system32\HostDriverStore\filerepository\nv_dispi.inf_amd64_b20cc8aeaed64fc2\nvEncMFTH264x.dll"	"C:\windows\system32\HostDriverStore\filerepository\nv_dispi.inf_amd64_b20cc8aeaed64fc2\nvEncMFTH264x.dll"	"True"	"db34c95908094e514dc4ee444bd46cbdb8c424766c92664b97eab8643546f900"	"1125096"	"32.0.16.1692"
"C:\windows\system32\driverstore\filerepository\nv_dispi.inf_amd64_b20cc8aeaed64fc2\nvEncMFThevc.dll"	"Win32_PNPSignedDriverCIMDataFile"	"PCI\VEN_10DE&DEV_2D05&SUBSYS_8A151043&REV_A1\95B0EB63032DB04800"	"DriverStore"	"c:\windows\system32\driverstore\filerepository\nv_dispi.inf_amd64_b20cc8aeaed64fc2"	"C:\windows\system32\HostDriverStore\filerepository\nv_dispi.inf_amd64_b20cc8aeaed64fc2\nvEncMFThevc.dll"	"C:\windows\system32\HostDriverStore\filerepository\nv_dispi.inf_amd64_b20cc8aeaed64fc2\nvEncMFThevc.dll"	"True"	"15511ad73a6d67d976f41468f13bddfb7f683ac785cc4d99010e1073c0bd1207"	"890600"	"32.0.16.1692"
"C:\windows\system32\driverstore\filerepository\nv_dispi.inf_amd64_b20cc8aeaed64fc2\nvEncMFThevcx.dll"	"Win32_PNPSignedDriverCIMDataFile"	"PCI\VEN_10DE&DEV_2D05&SUBSYS_8A151043&REV_A1\95B0EB63032DB04800"	"DriverStore"	"c:\windows\system32\driverstore\filerepository\nv_dispi.inf_amd64_b20cc8aeaed64fc2"	"C:\windows\system32\HostDriverStore\filerepository\nv_dispi.inf_amd64_b20cc8aeaed64fc2\nvEncMFThevcx.dll"	"C:\windows\system32\HostDriverStore\filerepository\nv_dispi.inf_amd64_b20cc8aeaed64fc2\nvEncMFThevcx.dll"	"True"	"94ff2126ad4d9a53cbbe0f5017a770b9bb56dcd115164edcf8701c7aa9c8930c"	"1141480"	"32.0.16.1692"
"C:\windows\system32\driverstore\filerepository\nv_dispi.inf_amd64_b20cc8aeaed64fc2\nvEncodeAPI.dll"	"whole service/associated package tree"	"PCI\VEN_10DE&DEV_2D05&SUBSYS_8A151043&REV_A1\95B0EB63032DB04800"	"DriverStore"	"c:\windows\system32\driverstore\filerepository\nv_dispi.inf_amd64_b20cc8aeaed64fc2"	"C:\windows\system32\HostDriverStore\filerepository\nv_dispi.inf_amd64_b20cc8aeaed64fc2\nvEncodeAPI.dll"	"C:\windows\system32\HostDriverStore\filerepository\nv_dispi.inf_amd64_b20cc8aeaed64fc2\nvEncodeAPI.dll"	"True"	"2b1dd9b8a707a99b61da57b64b6e047415dc1bf68b33af140999e6b54a8f20ad"	"828136"	"32.0.16.1692"
"C:\windows\system32\driverstore\filerepository\nv_dispi.inf_amd64_b20cc8aeaed64fc2\nvEncodeAPI64.dll"	"whole service/associated package tree"	"PCI\VEN_10DE&DEV_2D05&SUBSYS_8A151043&REV_A1\95B0EB63032DB04800"	"DriverStore"	"c:\windows\system32\driverstore\filerepository\nv_dispi.inf_amd64_b20cc8aeaed64fc2"	"C:\windows\system32\HostDriverStore\filerepository\nv_dispi.inf_amd64_b20cc8aeaed64fc2\nvEncodeAPI64.dll"	"C:\windows\system32\HostDriverStore\filerepository\nv_dispi.inf_amd64_b20cc8aeaed64fc2\nvEncodeAPI64.dll"	"True"	"06a9f8e8dfcc64c71f00735dd0063e8a69ea4fc1f2ca7b1469ca47bdaf12f00e"	"1077992"	"32.0.16.1692"
"C:\windows\system32\driverstore\filerepository\nv_dispi.inf_amd64_b20cc8aeaed64fc2\NvFBC.dll"	"whole service/associated package tree"	"PCI\VEN_10DE&DEV_2D05&SUBSYS_8A151043&REV_A1\95B0EB63032DB04800"	"DriverStore"	"c:\windows\system32\driverstore\filerepository\nv_dispi.inf_amd64_b20cc8aeaed64fc2"	"C:\windows\system32\HostDriverStore\filerepository\nv_dispi.inf_amd64_b20cc8aeaed64fc2\NvFBC.dll"	"C:\windows\system32\HostDriverStore\filerepository\nv_dispi.inf_amd64_b20cc8aeaed64fc2\NvFBC.dll"	"True"	"e0b844916d7d1d2680df47b12b160a8672c01e160872c32dd1b8ba80aad8fa77"	"1734888"	"6.14.16.1692"
"C:\windows\system32\driverstore\filerepository\nv_dispi.inf_amd64_b20cc8aeaed64fc2\NvFBC64.dll"	"whole service/associated package tree"	"PCI\VEN_10DE&DEV_2D05&SUBSYS_8A151043&REV_A1\95B0EB63032DB04800"	"DriverStore"	"c:\windows\system32\driverstore\filerepository\nv_dispi.inf_amd64_b20cc8aeaed64fc2"	"C:\windows\system32\HostDriverStore\filerepository\nv_dispi.inf_amd64_b20cc8aeaed64fc2\NvFBC64.dll"	"C:\windows\system32\HostDriverStore\filerepository\nv_dispi.inf_amd64_b20cc8aeaed64fc2\NvFBC64.dll"	"True"	"d68e931a078c7408f17d9ee221395d72451b6b055ac89ac5a5bc391922743087"	"2343144"	"6.14.16.1692"
"C:\windows\system32\driverstore\filerepository\nv_dispi.inf_amd64_b20cc8aeaed64fc2\nvgames.dll"	"Win32_PNPSignedDriverCIMDataFile"	"PCI\VEN_10DE&DEV_2D05&SUBSYS_8A151043&REV_A1\95B0EB63032DB04800"	"DriverStore"	"c:\windows\system32\driverstore\filerepository\nv_dispi.inf_amd64_b20cc8aeaed64fc2"	"C:\windows\system32\HostDriverStore\filerepository\nv_dispi.inf_amd64_b20cc8aeaed64fc2\nvgames.dll"	"C:\windows\system32\HostDriverStore\filerepository\nv_dispi.inf_amd64_b20cc8aeaed64fc2\nvgames.dll"	"True"	"6afda042ab331cd6440e681d0e6ca1b1d1d63d559951ab8892464b75f96decd0"	"12521704"	"32.0.16.1692"
"C:\windows\system32\driverstore\filerepository\nv_dispi.inf_amd64_b20cc8aeaed64fc2\nvgamesr.dll"	"Win32_PNPSignedDriverCIMDataFile"	"PCI\VEN_10DE&DEV_2D05&SUBSYS_8A151043&REV_A1\95B0EB63032DB04800"	"DriverStore"	"c:\windows\system32\driverstore\filerepository\nv_dispi.inf_amd64_b20cc8aeaed64fc2"	"C:\windows\system32\HostDriverStore\filerepository\nv_dispi.inf_amd64_b20cc8aeaed64fc2\nvgamesr.dll"	"C:\windows\system32\HostDriverStore\filerepository\nv_dispi.inf_amd64_b20cc8aeaed64fc2\nvgamesr.dll"	"True"	"03fbb02707891d1b28414e801e7f711d4b2776f5b1bbaa4c1da45add16f7e3a3"	"13318888"	"32.0.16.1692"
"C:\windows\system32\driverstore\filerepository\nv_dispi.inf_amd64_b20cc8aeaed64fc2\nvgpucomp32.dll"	"Win32_PNPSignedDriverCIMDataFile"	"PCI\VEN_10DE&DEV_2D05&SUBSYS_8A151043&REV_A1\95B0EB63032DB04800"	"DriverStore"	"c:\windows\system32\driverstore\filerepository\nv_dispi.inf_amd64_b20cc8aeaed64fc2"	"C:\windows\system32\HostDriverStore\filerepository\nv_dispi.inf_amd64_b20cc8aeaed64fc2\nvgpucomp32.dll"	"C:\windows\system32\HostDriverStore\filerepository\nv_dispi.inf_amd64_b20cc8aeaed64fc2\nvgpucomp32.dll"	"True"	"452755afecf0aebbfa6570a17d45c9d35d008661cdfff4cf798f141281fa1c9d"	"90408448"	"32.0.16.1692"
"C:\windows\system32\driverstore\filerepository\nv_dispi.inf_amd64_b20cc8aeaed64fc2\nvgpucomp64.dll"	"Win32_PNPSignedDriverCIMDataFile"	"PCI\VEN_10DE&DEV_2D05&SUBSYS_8A151043&REV_A1\95B0EB63032DB04800"	"DriverStore"	"c:\windows\system32\driverstore\filerepository\nv_dispi.inf_amd64_b20cc8aeaed64fc2"	"C:\windows\system32\HostDriverStore\filerepository\nv_dispi.inf_amd64_b20cc8aeaed64fc2\nvgpucomp64.dll"	"C:\windows\system32\HostDriverStore\filerepository\nv_dispi.inf_amd64_b20cc8aeaed64fc2\nvgpucomp64.dll"	"True"	"565391bf59bf48e6dc524b26c846de5324a81c42dbde27b4bfe61121611d788b"	"111911808"	"32.0.16.1692"
"C:\windows\system32\driverstore\filerepository\nv_dispi.inf_amd64_b20cc8aeaed64fc2\nvIccAdvancedColorIdentity.icm"	"Win32_PNPSignedDriverCIMDataFile"	"PCI\VEN_10DE&DEV_2D05&SUBSYS_8A151043&REV_A1\95B0EB63032DB04800"	"DriverStore"	"c:\windows\system32\driverstore\filerepository\nv_dispi.inf_amd64_b20cc8aeaed64fc2"	"C:\windows\system32\HostDriverStore\filerepository\nv_dispi.inf_amd64_b20cc8aeaed64fc2\nvIccAdvancedColorIdentity.icm"	"C:\windows\system32\HostDriverStore\filerepository\nv_dispi.inf_amd64_b20cc8aeaed64fc2\nvIccAdvancedColorIdentity.icm"	"True"	"d10ec3202e0a4ccd71350007c6c461b750b76f635e84e05da27782d9b225eba4"	"3288"	
"C:\windows\system32\driverstore\filerepository\nv_dispi.inf_amd64_b20cc8aeaed64fc2\nvidia-ngx-updater"	"whole service/associated package tree"	"PCI\VEN_10DE&DEV_2D05&SUBSYS_8A151043&REV_A1\95B0EB63032DB04800"	"DriverStore"	"c:\windows\system32\driverstore\filerepository\nv_dispi.inf_amd64_b20cc8aeaed64fc2"	"C:\windows\system32\HostDriverStore\filerepository\nv_dispi.inf_amd64_b20cc8aeaed64fc2\nvidia-ngx-updater"	"C:\windows\system32\HostDriverStore\filerepository\nv_dispi.inf_amd64_b20cc8aeaed64fc2\nvidia-ngx-updater"	"True"	"3bfd37c490e149224e92bff6ce5bfad2be61a8832d52a310a0c6a247a9f3c843"	"6174848"	
"C:\windows\system32\driverstore\filerepository\nv_dispi.inf_amd64_b20cc8aeaed64fc2\nvidia-pcc.exe"	"whole service/associated package tree"	"PCI\VEN_10DE&DEV_2D05&SUBSYS_8A151043&REV_A1\95B0EB63032DB04800"	"DriverStore"	"c:\windows\system32\driverstore\filerepository\nv_dispi.inf_amd64_b20cc8aeaed64fc2"	"C:\windows\system32\HostDriverStore\filerepository\nv_dispi.inf_amd64_b20cc8aeaed64fc2\nvidia-pcc.exe"	"C:\windows\system32\HostDriverStore\filerepository\nv_dispi.inf_amd64_b20cc8aeaed64fc2\nvidia-pcc.exe"	"True"	"7b653820724587f59700c36bed4a97a4fdcbf5b7a2707aab4b5bd4ae55b386ee"	"28185320"	
"C:\windows\system32\driverstore\filerepository\nv_dispi.inf_amd64_b20cc8aeaed64fc2\nvidia-smi"	"Win32_PNPSignedDriverCIMDataFile"	"PCI\VEN_10DE&DEV_2D05&SUBSYS_8A151043&REV_A1\95B0EB63032DB04800"	"DriverStore"	"c:\windows\system32\driverstore\filerepository\nv_dispi.inf_amd64_b20cc8aeaed64fc2"	"C:\windows\system32\HostDriverStore\filerepository\nv_dispi.inf_amd64_b20cc8aeaed64fc2\nvidia-smi"	"C:\windows\system32\HostDriverStore\filerepository\nv_dispi.inf_amd64_b20cc8aeaed64fc2\nvidia-smi"	"True"	"2053db04fbdb0862d099dd24828c7196a16ff00a722360d5d6b2a5d74044fdcb"	"848736"	
"C:\windows\system32\driverstore\filerepository\nv_dispi.inf_amd64_b20cc8aeaed64fc2\nvidia-smi.exe"	"whole service/associated package tree"	"PCI\VEN_10DE&DEV_2D05&SUBSYS_8A151043&REV_A1\95B0EB63032DB04800"	"DriverStore"	"c:\windows\system32\driverstore\filerepository\nv_dispi.inf_amd64_b20cc8aeaed64fc2"	"C:\windows\system32\HostDriverStore\filerepository\nv_dispi.inf_amd64_b20cc8aeaed64fc2\nvidia-smi.exe"	"C:\windows\system32\HostDriverStore\filerepository\nv_dispi.inf_amd64_b20cc8aeaed64fc2\nvidia-smi.exe"	"True"	"db001c00200843a7cf20a44346ef2580a1f0d737f0bcf6324707cd724f3aa5f1"	"1701608"	"8.17.16.1692"
"C:\windows\system32\driverstore\filerepository\nv_dispi.inf_amd64_b20cc8aeaed64fc2\NvIFR.dll"	"whole service/associated package tree"	"PCI\VEN_10DE&DEV_2D05&SUBSYS_8A151043&REV_A1\95B0EB63032DB04800"	"DriverStore"	"c:\windows\system32\driverstore\filerepository\nv_dispi.inf_amd64_b20cc8aeaed64fc2"	"C:\windows\system32\HostDriverStore\filerepository\nv_dispi.inf_amd64_b20cc8aeaed64fc2\NvIFR.dll"	"C:\windows\system32\HostDriverStore\filerepository\nv_dispi.inf_amd64_b20cc8aeaed64fc2\NvIFR.dll"	"True"	"fe801aaf3597042a82707ea2060ce33435b4b6c1ae7047b68416beb989d634fe"	"1240808"	"6.14.16.1692"
"C:\windows\system32\driverstore\filerepository\nv_dispi.inf_amd64_b20cc8aeaed64fc2\NvIFR64.dll"	"whole service/associated package tree"	"PCI\VEN_10DE&DEV_2D05&SUBSYS_8A151043&REV_A1\95B0EB63032DB04800"	"DriverStore"	"c:\windows\system32\driverstore\filerepository\nv_dispi.inf_amd64_b20cc8aeaed64fc2"	"C:\windows\system32\HostDriverStore\filerepository\nv_dispi.inf_amd64_b20cc8aeaed64fc2\NvIFR64.dll"	"C:\windows\system32\HostDriverStore\filerepository\nv_dispi.inf_amd64_b20cc8aeaed64fc2\NvIFR64.dll"	"True"	"cf8b4d5d546f09a0ab9ad8484e9941ccd0c6abc8a07497a4ce82035b361cebb6"	"1594600"	"6.14.16.1692"
"C:\windows\system32\driverstore\filerepository\nv_dispi.inf_amd64_b20cc8aeaed64fc2\nvinfo.pb"	"whole service/associated package tree"	"PCI\VEN_10DE&DEV_2D05&SUBSYS_8A151043&REV_A1\95B0EB63032DB04800"	"DriverStore"	"c:\windows\system32\driverstore\filerepository\nv_dispi.inf_amd64_b20cc8aeaed64fc2"	"C:\windows\system32\HostDriverStore\filerepository\nv_dispi.inf_amd64_b20cc8aeaed64fc2\nvinfo.pb"	"C:\windows\system32\HostDriverStore\filerepository\nv_dispi.inf_amd64_b20cc8aeaed64fc2\nvinfo.pb"	"True"	"a021434d05ab38357f07fab333802973105f4e7783c2486929560f4f78f0c4ca"	"176631"	
"C:\windows\system32\driverstore\filerepository\nv_dispi.inf_amd64_b20cc8aeaed64fc2\nvlddmkm.sys"	"Win32_PNPSignedDriverCIMDataFile"	"PCI\VEN_10DE&DEV_2D05&SUBSYS_8A151043&REV_A1\95B0EB63032DB04800"	"DriverStore"	"c:\windows\system32\driverstore\filerepository\nv_dispi.inf_amd64_b20cc8aeaed64fc2"	"C:\windows\system32\HostDriverStore\filerepository\nv_dispi.inf_amd64_b20cc8aeaed64fc2\nvlddmkm.sys"	"C:\windows\system32\HostDriverStore\filerepository\nv_dispi.inf_amd64_b20cc8aeaed64fc2\nvlddmkm.sys"	"True"	"85753a7ddbc8d44c1ecc370bf62b5c68c05022a6d7192034186c0ba93c316ba2"	"113949416"	"32.0.16.1692"
"C:\windows\system32\driverstore\filerepository\nv_dispi.inf_amd64_b20cc8aeaed64fc2\nvldumd.dll"	"Win32_PNPSignedDriverCIMDataFile"	"PCI\VEN_10DE&DEV_2D05&SUBSYS_8A151043&REV_A1\95B0EB63032DB04800"	"DriverStore"	"c:\windows\system32\driverstore\filerepository\nv_dispi.inf_amd64_b20cc8aeaed64fc2"	"C:\windows\system32\HostDriverStore\filerepository\nv_dispi.inf_amd64_b20cc8aeaed64fc2\nvldumd.dll"	"C:\windows\system32\HostDriverStore\filerepository\nv_dispi.inf_amd64_b20cc8aeaed64fc2\nvldumd.dll"	"True"	"9e75f0a22434786555c451f5c21f28014154a1cd510fcbb845f8f43c3007e602"	"676048"	"32.0.16.1692"
"C:\windows\system32\driverstore\filerepository\nv_dispi.inf_amd64_b20cc8aeaed64fc2\nvldumdx.dll"	"Win32_PNPSignedDriverCIMDataFile"	"PCI\VEN_10DE&DEV_2D05&SUBSYS_8A151043&REV_A1\95B0EB63032DB04800"	"DriverStore"	"c:\windows\system32\driverstore\filerepository\nv_dispi.inf_amd64_b20cc8aeaed64fc2"	"C:\windows\system32\HostDriverStore\filerepository\nv_dispi.inf_amd64_b20cc8aeaed64fc2\nvldumdx.dll"	"C:\windows\system32\HostDriverStore\filerepository\nv_dispi.inf_amd64_b20cc8aeaed64fc2\nvldumdx.dll"	"True"	"84752f5775e68191ca29efd504694e7f0df483ee734a238eb08c02d7bbf90ee5"	"860536"	"32.0.16.1692"
"C:\windows\system32\driverstore\filerepository\nv_dispi.inf_amd64_b20cc8aeaed64fc2\nvlicensings.dll"	"Win32_PNPSignedDriverCIMDataFile"	"PCI\VEN_10DE&DEV_2D05&SUBSYS_8A151043&REV_A1\95B0EB63032DB04800"	"DriverStore"	"c:\windows\system32\driverstore\filerepository\nv_dispi.inf_amd64_b20cc8aeaed64fc2"	"C:\windows\system32\HostDriverStore\filerepository\nv_dispi.inf_amd64_b20cc8aeaed64fc2\nvlicensings.dll"	"C:\windows\system32\HostDriverStore\filerepository\nv_dispi.inf_amd64_b20cc8aeaed64fc2\nvlicensings.dll"	"True"	"7668d58b5ada1b2bdf20429923a42e50f2f986b2a95f7aaf44b93dfd40c5935d"	"4589288"	"6.14.16.1692"
"C:\windows\system32\driverstore\filerepository\nv_dispi.inf_amd64_b20cc8aeaed64fc2\nvlicensingsr.dll"	"Win32_PNPSignedDriverCIMDataFile"	"PCI\VEN_10DE&DEV_2D05&SUBSYS_8A151043&REV_A1\95B0EB63032DB04800"	"DriverStore"	"c:\windows\system32\driverstore\filerepository\nv_dispi.inf_amd64_b20cc8aeaed64fc2"	"C:\windows\system32\HostDriverStore\filerepository\nv_dispi.inf_amd64_b20cc8aeaed64fc2\nvlicensingsr.dll"	"C:\windows\system32\HostDriverStore\filerepository\nv_dispi.inf_amd64_b20cc8aeaed64fc2\nvlicensingsr.dll"	"True"	"beedecae084213fae2fd88112bf8bef938c22ef9915760d982a615a622bb1d88"	"363752"	"6.14.16.1692"
"C:\windows\system32\driverstore\filerepository\nv_dispi.inf_amd64_b20cc8aeaed64fc2\NvMemMapStorage.dll"	"Win32_PNPSignedDriverCIMDataFile"	"PCI\VEN_10DE&DEV_2D05&SUBSYS_8A151043&REV_A1\95B0EB63032DB04800"	"DriverStore"	"c:\windows\system32\driverstore\filerepository\nv_dispi.inf_amd64_b20cc8aeaed64fc2"	"C:\windows\system32\HostDriverStore\filerepository\nv_dispi.inf_amd64_b20cc8aeaed64fc2\NvMemMapStorage.dll"	"C:\windows\system32\HostDriverStore\filerepository\nv_dispi.inf_amd64_b20cc8aeaed64fc2\NvMemMapStorage.dll"	"True"	"5b94e89c34bb7209dc2df4b42fea9c103f1407996c77ed9c60352d53838cfde4"	"1121000"	
"C:\windows\system32\driverstore\filerepository\nv_dispi.inf_amd64_b20cc8aeaed64fc2\NvMemMapStorageax.dll"	"Win32_PNPSignedDriverCIMDataFile"	"PCI\VEN_10DE&DEV_2D05&SUBSYS_8A151043&REV_A1\95B0EB63032DB04800"	"DriverStore"	"c:\windows\system32\driverstore\filerepository\nv_dispi.inf_amd64_b20cc8aeaed64fc2"	"C:\windows\system32\HostDriverStore\filerepository\nv_dispi.inf_amd64_b20cc8aeaed64fc2\NvMemMapStorageax.dll"	"C:\windows\system32\HostDriverStore\filerepository\nv_dispi.inf_amd64_b20cc8aeaed64fc2\NvMemMapStorageax.dll"	"True"	"546e25e5fb403576bc9e1c5cf9a1e2460b94677191902bffcdd9a2c7237017f2"	"1544016"	
"C:\windows\system32\driverstore\filerepository\nv_dispi.inf_amd64_b20cc8aeaed64fc2\NvMemMapStorageaxec.dll"	"Win32_PNPSignedDriverCIMDataFile"	"PCI\VEN_10DE&DEV_2D05&SUBSYS_8A151043&REV_A1\95B0EB63032DB04800"	"DriverStore"	"c:\windows\system32\driverstore\filerepository\nv_dispi.inf_amd64_b20cc8aeaed64fc2"	"C:\windows\system32\HostDriverStore\filerepository\nv_dispi.inf_amd64_b20cc8aeaed64fc2\NvMemMapStorageaxec.dll"	"C:\windows\system32\HostDriverStore\filerepository\nv_dispi.inf_amd64_b20cc8aeaed64fc2\NvMemMapStorageaxec.dll"	"True"	"8679263874b9b32feeafee216fecf4e5747785469460d0ff5844fbf3ce22424d"	"2292792"	
"C:\windows\system32\driverstore\filerepository\nv_dispi.inf_amd64_b20cc8aeaed64fc2\NvMemMapStoragex.dll"	"Win32_PNPSignedDriverCIMDataFile"	"PCI\VEN_10DE&DEV_2D05&SUBSYS_8A151043&REV_A1\95B0EB63032DB04800"	"DriverStore"	"c:\windows\system32\driverstore\filerepository\nv_dispi.inf_amd64_b20cc8aeaed64fc2"	"C:\windows\system32\HostDriverStore\filerepository\nv_dispi.inf_amd64_b20cc8aeaed64fc2\NvMemMapStoragex.dll"	"C:\windows\system32\HostDriverStore\filerepository\nv_dispi.inf_amd64_b20cc8aeaed64fc2\NvMemMapStoragex.dll"	"True"	"81f51e9cb8fd3a66429c8606fc8f720b22941906fd2c3a78d181f042417515cd"	"1422632"	
"C:\windows\system32\driverstore\filerepository\nv_dispi.inf_amd64_b20cc8aeaed64fc2\nvml.dll"	"Win32_PNPSignedDriverCIMDataFile"	"PCI\VEN_10DE&DEV_2D05&SUBSYS_8A151043&REV_A1\95B0EB63032DB04800"	"DriverStore"	"c:\windows\system32\driverstore\filerepository\nv_dispi.inf_amd64_b20cc8aeaed64fc2"	"C:\windows\system32\HostDriverStore\filerepository\nv_dispi.inf_amd64_b20cc8aeaed64fc2\nvml.dll"	"C:\windows\system32\HostDriverStore\filerepository\nv_dispi.inf_amd64_b20cc8aeaed64fc2\nvml.dll"	"True"	"e7577690ce8a815917c323a537961c81072b196e482578308fe0817ace9f1631"	"4022504"	"8.17.16.1692"
"C:\windows\system32\driverstore\filerepository\nv_dispi.inf_amd64_b20cc8aeaed64fc2\nvml_loader.dll"	"whole service/associated package tree"	"PCI\VEN_10DE&DEV_2D05&SUBSYS_8A151043&REV_A1\95B0EB63032DB04800"	"DriverStore"	"c:\windows\system32\driverstore\filerepository\nv_dispi.inf_amd64_b20cc8aeaed64fc2"	"C:\windows\system32\HostDriverStore\filerepository\nv_dispi.inf_amd64_b20cc8aeaed64fc2\nvml_loader.dll"	"C:\windows\system32\HostDriverStore\filerepository\nv_dispi.inf_amd64_b20cc8aeaed64fc2\nvml_loader.dll"	"True"	"ac08344786840363012b31409a62529d6c53ef2658c68d190ba8c3f1fe7c24a2"	"1499368"	"8.17.16.1692"
"C:\windows\system32\driverstore\filerepository\nv_dispi.inf_amd64_b20cc8aeaed64fc2\nvngx.dll"	"Win32_PNPSignedDriverCIMDataFile"	"PCI\VEN_10DE&DEV_2D05&SUBSYS_8A151043&REV_A1\95B0EB63032DB04800"	"DriverStore"	"c:\windows\system32\driverstore\filerepository\nv_dispi.inf_amd64_b20cc8aeaed64fc2"	"C:\windows\system32\HostDriverStore\filerepository\nv_dispi.inf_amd64_b20cc8aeaed64fc2\nvngx.dll"	"C:\windows\system32\HostDriverStore\filerepository\nv_dispi.inf_amd64_b20cc8aeaed64fc2\nvngx.dll"	"True"	"3f8517407c8869b6cf28bd85d17b8ff0707ef380e86af39f85a73e3401cc6fc4"	"488816"	"30.0.14.9516"
"C:\windows\system32\driverstore\filerepository\nv_dispi.inf_amd64_b20cc8aeaed64fc2\nvngx_dlssg.dll"	"Win32_PNPSignedDriverCIMDataFile"	"PCI\VEN_10DE&DEV_2D05&SUBSYS_8A151043&REV_A1\95B0EB63032DB04800"	"DriverStore"	"c:\windows\system32\driverstore\filerepository\nv_dispi.inf_amd64_b20cc8aeaed64fc2"	"C:\windows\system32\HostDriverStore\filerepository\nv_dispi.inf_amd64_b20cc8aeaed64fc2\nvngx_dlssg.dll"	"C:\windows\system32\HostDriverStore\filerepository\nv_dispi.inf_amd64_b20cc8aeaed64fc2\nvngx_dlssg.dll"	"True"	"89f76390602de62dd907a9bd02b17bc581534af26d9610f4f6b442cfd0f0131c"	"9299632"	"310,2,1,0"
"C:\windows\system32\driverstore\filerepository\nv_dispi.inf_amd64_b20cc8aeaed64fc2\nvngx_update.exe"	"Win32_PNPSignedDriverCIMDataFile"	"PCI\VEN_10DE&DEV_2D05&SUBSYS_8A151043&REV_A1\95B0EB63032DB04800"	"DriverStore"	"c:\windows\system32\driverstore\filerepository\nv_dispi.inf_amd64_b20cc8aeaed64fc2"	"C:\windows\system32\HostDriverStore\filerepository\nv_dispi.inf_amd64_b20cc8aeaed64fc2\nvngx_update.exe"	"C:\windows\system32\HostDriverStore\filerepository\nv_dispi.inf_amd64_b20cc8aeaed64fc2\nvngx_update.exe"	"True"	"685d6802ab086d13ae747439b76bfbb8e26f02e1a7822e55d66572770d2edfcd"	"1045736"	"32.0.16.1692"
"C:\windows\system32\driverstore\filerepository\nv_dispi.inf_amd64_b20cc8aeaed64fc2\nvobjectloader64.dll"	"Win32_PNPSignedDriverCIMDataFile"	"PCI\VEN_10DE&DEV_2D05&SUBSYS_8A151043&REV_A1\95B0EB63032DB04800"	"DriverStore"	"c:\windows\system32\driverstore\filerepository\nv_dispi.inf_amd64_b20cc8aeaed64fc2"	"C:\windows\system32\HostDriverStore\filerepository\nv_dispi.inf_amd64_b20cc8aeaed64fc2\nvobjectloader64.dll"	"C:\windows\system32\HostDriverStore\filerepository\nv_dispi.inf_amd64_b20cc8aeaed64fc2\nvobjectloader64.dll"	"True"	"8faca1611dc6e851a30f8dc1b20cda5eb2c10a2b2cdac7b4fd75f630bdbd8174"	"15017192"	
"C:\windows\system32\driverstore\filerepository\nv_dispi.inf_amd64_b20cc8aeaed64fc2\nvofapi.dll"	"whole service/associated package tree"	"PCI\VEN_10DE&DEV_2D05&SUBSYS_8A151043&REV_A1\95B0EB63032DB04800"	"DriverStore"	"c:\windows\system32\driverstore\filerepository\nv_dispi.inf_amd64_b20cc8aeaed64fc2"	"C:\windows\system32\HostDriverStore\filerepository\nv_dispi.inf_amd64_b20cc8aeaed64fc2\nvofapi.dll"	"C:\windows\system32\HostDriverStore\filerepository\nv_dispi.inf_amd64_b20cc8aeaed64fc2\nvofapi.dll"	"True"	"dc215789a8f39c960ddac1d4918287d757cc75ad657e46ded8864ac1bf3e7888"	"513768"	"32.0.16.1692"
"C:\windows\system32\driverstore\filerepository\nv_dispi.inf_amd64_b20cc8aeaed64fc2\nvofapi64.dll"	"whole service/associated package tree"	"PCI\VEN_10DE&DEV_2D05&SUBSYS_8A151043&REV_A1\95B0EB63032DB04800"	"DriverStore"	"c:\windows\system32\driverstore\filerepository\nv_dispi.inf_amd64_b20cc8aeaed64fc2"	"C:\windows\system32\HostDriverStore\filerepository\nv_dispi.inf_amd64_b20cc8aeaed64fc2\nvofapi64.dll"	"C:\windows\system32\HostDriverStore\filerepository\nv_dispi.inf_amd64_b20cc8aeaed64fc2\nvofapi64.dll"	"True"	"a3376fd0054ffcba9d089e281a45620a4553e659df21c05d311d1c9f1d132ef5"	"685800"	"32.0.16.1692"
"C:\windows\system32\driverstore\filerepository\nv_dispi.inf_amd64_b20cc8aeaed64fc2\nvoglv32.dll"	"Win32_PNPSignedDriverCIMDataFile"	"PCI\VEN_10DE&DEV_2D05&SUBSYS_8A151043&REV_A1\95B0EB63032DB04800"	"DriverStore"	"c:\windows\system32\driverstore\filerepository\nv_dispi.inf_amd64_b20cc8aeaed64fc2"	"C:\windows\system32\HostDriverStore\filerepository\nv_dispi.inf_amd64_b20cc8aeaed64fc2\nvoglv32.dll"	"C:\windows\system32\HostDriverStore\filerepository\nv_dispi.inf_amd64_b20cc8aeaed64fc2\nvoglv32.dll"	"True"	"675caa9fe003b99c84a61fc16dfd77267324be9e3481184253908f0398dde717"	"26840296"	"32.0.16.1692"
"C:\windows\system32\driverstore\filerepository\nv_dispi.inf_amd64_b20cc8aeaed64fc2\nvoglv64.dll"	"Win32_PNPSignedDriverCIMDataFile"	"PCI\VEN_10DE&DEV_2D05&SUBSYS_8A151043&REV_A1\95B0EB63032DB04800"	"DriverStore"	"c:\windows\system32\driverstore\filerepository\nv_dispi.inf_amd64_b20cc8aeaed64fc2"	"C:\windows\system32\HostDriverStore\filerepository\nv_dispi.inf_amd64_b20cc8aeaed64fc2\nvoglv64.dll"	"C:\windows\system32\HostDriverStore\filerepository\nv_dispi.inf_amd64_b20cc8aeaed64fc2\nvoglv64.dll"	"True"	"693f471a56bb374ff04cefbf4a67a082974a32627d5145f5b1f2d6418736cf6a"	"48639720"	"32.0.16.1692"
"C:\windows\system32\driverstore\filerepository\nv_dispi.inf_amd64_b20cc8aeaed64fc2\nvopencl32.dll"	"Win32_PNPSignedDriverCIMDataFile"	"PCI\VEN_10DE&DEV_2D05&SUBSYS_8A151043&REV_A1\95B0EB63032DB04800"	"DriverStore"	"c:\windows\system32\driverstore\filerepository\nv_dispi.inf_amd64_b20cc8aeaed64fc2"	"C:\windows\system32\HostDriverStore\filerepository\nv_dispi.inf_amd64_b20cc8aeaed64fc2\nvopencl32.dll"	"C:\windows\system32\HostDriverStore\filerepository\nv_dispi.inf_amd64_b20cc8aeaed64fc2\nvopencl32.dll"	"True"	"697191df64570a7b011502441f7faec8aea037a8f321f825fc5af3ee24fd5a3f"	"35689704"	"32.0.16.1692"
"C:\windows\system32\driverstore\filerepository\nv_dispi.inf_amd64_b20cc8aeaed64fc2\nvopencl64.dll"	"Win32_PNPSignedDriverCIMDataFile"	"PCI\VEN_10DE&DEV_2D05&SUBSYS_8A151043&REV_A1\95B0EB63032DB04800"	"DriverStore"	"c:\windows\system32\driverstore\filerepository\nv_dispi.inf_amd64_b20cc8aeaed64fc2"	"C:\windows\system32\HostDriverStore\filerepository\nv_dispi.inf_amd64_b20cc8aeaed64fc2\nvopencl64.dll"	"C:\windows\system32\HostDriverStore\filerepository\nv_dispi.inf_amd64_b20cc8aeaed64fc2\nvopencl64.dll"	"True"	"db0d533342d57f79af9d2e6366b0c3bab67be13bd0f178fda8e074fd88bfff7a"	"12690664"	"32.0.16.1692"
"C:\windows\system32\driverstore\filerepository\nv_dispi.inf_amd64_b20cc8aeaed64fc2\nvoptix.bin"	"Win32_PNPSignedDriverCIMDataFile"	"PCI\VEN_10DE&DEV_2D05&SUBSYS_8A151043&REV_A1\95B0EB63032DB04800"	"DriverStore"	"c:\windows\system32\driverstore\filerepository\nv_dispi.inf_amd64_b20cc8aeaed64fc2"	"C:\windows\system32\HostDriverStore\filerepository\nv_dispi.inf_amd64_b20cc8aeaed64fc2\nvoptix.bin"	"C:\windows\system32\HostDriverStore\filerepository\nv_dispi.inf_amd64_b20cc8aeaed64fc2\nvoptix.bin"	"True"	"fe7293e08ee56888203012c0a632ad348d9948622524dd6ee137ad2d846c53b8"	"66076228"	
"C:\windows\system32\driverstore\filerepository\nv_dispi.inf_amd64_b20cc8aeaed64fc2\nvoptix.dll"	"Win32_PNPSignedDriverCIMDataFile"	"PCI\VEN_10DE&DEV_2D05&SUBSYS_8A151043&REV_A1\95B0EB63032DB04800"	"DriverStore"	"c:\windows\system32\driverstore\filerepository\nv_dispi.inf_amd64_b20cc8aeaed64fc2"	"C:\windows\system32\HostDriverStore\filerepository\nv_dispi.inf_amd64_b20cc8aeaed64fc2\nvoptix.dll"	"C:\windows\system32\HostDriverStore\filerepository\nv_dispi.inf_amd64_b20cc8aeaed64fc2\nvoptix.dll"	"True"	"aed7bfc4afb3616bee65bdbed54f051e4e18bd7fdbd928de7a09e2e0085851e0"	"83233000"	"9.1.2"
"C:\windows\system32\driverstore\filerepository\nv_dispi.inf_amd64_b20cc8aeaed64fc2\NvOSC.exe"	"Win32_PNPSignedDriverCIMDataFile"	"PCI\VEN_10DE&DEV_2D05&SUBSYS_8A151043&REV_A1\95B0EB63032DB04800"	"DriverStore"	"c:\windows\system32\driverstore\filerepository\nv_dispi.inf_amd64_b20cc8aeaed64fc2"	"C:\windows\system32\HostDriverStore\filerepository\nv_dispi.inf_amd64_b20cc8aeaed64fc2\NvOSC.exe"	"C:\windows\system32\HostDriverStore\filerepository\nv_dispi.inf_amd64_b20cc8aeaed64fc2\NvOSC.exe"	"True"	"aca927f57c95b2e71dfce0164309db33f4b86ce656bd2aa9437242c0595373e6"	"3171048"	
"C:\windows\system32\driverstore\filerepository\nv_dispi.inf_amd64_b20cc8aeaed64fc2\nvppe.dll"	"Win32_PNPSignedDriverCIMDataFile"	"PCI\VEN_10DE&DEV_2D05&SUBSYS_8A151043&REV_A1\95B0EB63032DB04800"	"DriverStore"	"c:\windows\system32\driverstore\filerepository\nv_dispi.inf_amd64_b20cc8aeaed64fc2"	"C:\windows\system32\HostDriverStore\filerepository\nv_dispi.inf_amd64_b20cc8aeaed64fc2\nvppe.dll"	"C:\windows\system32\HostDriverStore\filerepository\nv_dispi.inf_amd64_b20cc8aeaed64fc2\nvppe.dll"	"True"	"cb8872b78b6a04fcd8bb7bdd48b212836f68b7a297bbc6a4af6a42cede4a35b4"	"1341904"	"32.0.16.1692"
"C:\windows\system32\driverstore\filerepository\nv_dispi.inf_amd64_b20cc8aeaed64fc2\nvppex.dll"	"Win32_PNPSignedDriverCIMDataFile"	"PCI\VEN_10DE&DEV_2D05&SUBSYS_8A151043&REV_A1\95B0EB63032DB04800"	"DriverStore"	"c:\windows\system32\driverstore\filerepository\nv_dispi.inf_amd64_b20cc8aeaed64fc2"	"C:\windows\system32\HostDriverStore\filerepository\nv_dispi.inf_amd64_b20cc8aeaed64fc2\nvppex.dll"	"C:\windows\system32\HostDriverStore\filerepository\nv_dispi.inf_amd64_b20cc8aeaed64fc2\nvppex.dll"	"True"	"63941f59a5be2cc0581729ccd3b93ce37208733e6fc1c23b4b52f2eb45ceb871"	"7624360"	"32.0.16.1692"
"C:\windows\system32\driverstore\filerepository\nv_dispi.inf_amd64_b20cc8aeaed64fc2\NvPresent64.dll"	"Win32_PNPSignedDriverCIMDataFile"	"PCI\VEN_10DE&DEV_2D05&SUBSYS_8A151043&REV_A1\95B0EB63032DB04800"	"DriverStore"	"c:\windows\system32\driverstore\filerepository\nv_dispi.inf_amd64_b20cc8aeaed64fc2"	"C:\windows\system32\HostDriverStore\filerepository\nv_dispi.inf_amd64_b20cc8aeaed64fc2\NvPresent64.dll"	"C:\windows\system32\HostDriverStore\filerepository\nv_dispi.inf_amd64_b20cc8aeaed64fc2\NvPresent64.dll"	"True"	"cd395d58f41c6e393c31a9898f2be3da83f7bc109a2228935c23e8c89b944c15"	"8525544"	
"C:\windows\system32\driverstore\filerepository\nv_dispi.inf_amd64_b20cc8aeaed64fc2\nvptxJitCompiler32.dll"	"Win32_PNPSignedDriverCIMDataFile"	"PCI\VEN_10DE&DEV_2D05&SUBSYS_8A151043&REV_A1\95B0EB63032DB04800"	"DriverStore"	"c:\windows\system32\driverstore\filerepository\nv_dispi.inf_amd64_b20cc8aeaed64fc2"	"C:\windows\system32\HostDriverStore\filerepository\nv_dispi.inf_amd64_b20cc8aeaed64fc2\nvptxJitCompiler32.dll"	"C:\windows\system32\HostDriverStore\filerepository\nv_dispi.inf_amd64_b20cc8aeaed64fc2\nvptxJitCompiler32.dll"	"True"	"2c9a0a55c6271cd9857c3216ccb01f92db99cd61263a89ef345aa03666ee8ea0"	"26621672"	"32.0.16.1692"
"C:\windows\system32\driverstore\filerepository\nv_dispi.inf_amd64_b20cc8aeaed64fc2\nvptxJitCompiler64.dll"	"Win32_PNPSignedDriverCIMDataFile"	"PCI\VEN_10DE&DEV_2D05&SUBSYS_8A151043&REV_A1\95B0EB63032DB04800"	"DriverStore"	"c:\windows\system32\driverstore\filerepository\nv_dispi.inf_amd64_b20cc8aeaed64fc2"	"C:\windows\system32\HostDriverStore\filerepository\nv_dispi.inf_amd64_b20cc8aeaed64fc2\nvptxJitCompiler64.dll"	"C:\windows\system32\HostDriverStore\filerepository\nv_dispi.inf_amd64_b20cc8aeaed64fc2\nvptxJitCompiler64.dll"	"True"	"4d30e533ac7520647a80da8554295fcbeb6c7b9a33cd6e981da064e918cece38"	"30760168"	"32.0.16.1692"
"C:\windows\system32\driverstore\filerepository\nv_dispi.inf_amd64_b20cc8aeaed64fc2\nvrtum64.dll"	"Win32_PNPSignedDriverCIMDataFile"	"PCI\VEN_10DE&DEV_2D05&SUBSYS_8A151043&REV_A1\95B0EB63032DB04800"	"DriverStore"	"c:\windows\system32\driverstore\filerepository\nv_dispi.inf_amd64_b20cc8aeaed64fc2"	"C:\windows\system32\HostDriverStore\filerepository\nv_dispi.inf_amd64_b20cc8aeaed64fc2\nvrtum64.dll"	"C:\windows\system32\HostDriverStore\filerepository\nv_dispi.inf_amd64_b20cc8aeaed64fc2\nvrtum64.dll"	"True"	"b41e43d9130dc3b6a94f413da9573081c29a6fc846d83ffaa4b79b5f3f57d00e"	"46255848"	"32.0.16.1692"
"C:\windows\system32\driverstore\filerepository\nv_dispi.inf_amd64_b20cc8aeaed64fc2\nvshext.dll"	"Win32_PNPSignedDriverCIMDataFile"	"PCI\VEN_10DE&DEV_2D05&SUBSYS_8A151043&REV_A1\95B0EB63032DB04800"	"DriverStore"	"c:\windows\system32\driverstore\filerepository\nv_dispi.inf_amd64_b20cc8aeaed64fc2"	"C:\windows\system32\HostDriverStore\filerepository\nv_dispi.inf_amd64_b20cc8aeaed64fc2\nvshext.dll"	"C:\windows\system32\HostDriverStore\filerepository\nv_dispi.inf_amd64_b20cc8aeaed64fc2\nvshext.dll"	"True"	"346b6cd7a9840a0e63fd004583562be80a0fe507f036c7f763fe9a3d1b24d19f"	"134376"	"616.92"
"C:\windows\system32\driverstore\filerepository\nv_dispi.inf_amd64_b20cc8aeaed64fc2\nvsmartmax.dll"	"Win32_PNPSignedDriverCIMDataFile"	"PCI\VEN_10DE&DEV_2D05&SUBSYS_8A151043&REV_A1\95B0EB63032DB04800"	"DriverStore"	"c:\windows\system32\driverstore\filerepository\nv_dispi.inf_amd64_b20cc8aeaed64fc2"	"C:\windows\system32\HostDriverStore\filerepository\nv_dispi.inf_amd64_b20cc8aeaed64fc2\nvsmartmax.dll"	"C:\windows\system32\HostDriverStore\filerepository\nv_dispi.inf_amd64_b20cc8aeaed64fc2\nvsmartmax.dll"	"True"	"0c6acb995143176852b00f6b9dba976fe7fca8109f716e9799780391e072ed86"	"201448"	"6.14.10.100.03"
"C:\windows\system32\driverstore\filerepository\nv_dispi.inf_amd64_b20cc8aeaed64fc2\nvsmartmax64.dll"	"Win32_PNPSignedDriverCIMDataFile"	"PCI\VEN_10DE&DEV_2D05&SUBSYS_8A151043&REV_A1\95B0EB63032DB04800"	"DriverStore"	"c:\windows\system32\driverstore\filerepository\nv_dispi.inf_amd64_b20cc8aeaed64fc2"	"C:\windows\system32\HostDriverStore\filerepository\nv_dispi.inf_amd64_b20cc8aeaed64fc2\nvsmartmax64.dll"	"C:\windows\system32\HostDriverStore\filerepository\nv_dispi.inf_amd64_b20cc8aeaed64fc2\nvsmartmax64.dll"	"True"	"06332095d628bb0d85a76a1900636c33d2087c9ee7b5e33d6324b784404953fd"	"238312"	"6.14.10.100.03"
"C:\windows\system32\driverstore\filerepository\nv_dispi.inf_amd64_b20cc8aeaed64fc2\nvsmartmaxapp.exe"	"Win32_PNPSignedDriverCIMDataFile"	"PCI\VEN_10DE&DEV_2D05&SUBSYS_8A151043&REV_A1\95B0EB63032DB04800"	"DriverStore"	"c:\windows\system32\driverstore\filerepository\nv_dispi.inf_amd64_b20cc8aeaed64fc2"	"C:\windows\system32\HostDriverStore\filerepository\nv_dispi.inf_amd64_b20cc8aeaed64fc2\nvsmartmaxapp.exe"	"C:\windows\system32\HostDriverStore\filerepository\nv_dispi.inf_amd64_b20cc8aeaed64fc2\nvsmartmaxapp.exe"	"True"	"f9928913d15d78c58509c95a3bfd6d0967d00e4522e94332d7644f45265af50b"	"274664"	"6.14.10.100.03"
"C:\windows\system32\driverstore\filerepository\nv_dispi.inf_amd64_b20cc8aeaed64fc2\nvsmartmaxapp64.exe"	"Win32_PNPSignedDriverCIMDataFile"	"PCI\VEN_10DE&DEV_2D05&SUBSYS_8A151043&REV_A1\95B0EB63032DB04800"	"DriverStore"	"c:\windows\system32\driverstore\filerepository\nv_dispi.inf_amd64_b20cc8aeaed64fc2"	"C:\windows\system32\HostDriverStore\filerepository\nv_dispi.inf_amd64_b20cc8aeaed64fc2\nvsmartmaxapp64.exe"	"C:\windows\system32\HostDriverStore\filerepository\nv_dispi.inf_amd64_b20cc8aeaed64fc2\nvsmartmaxapp64.exe"	"True"	"4413be2d37c6218e78087d1c68cc1bd3905a238b85649abdfa05b30b4b475a88"	"285416"	"6.14.10.100.03"
"C:\windows\system32\driverstore\filerepository\nv_dispi.inf_amd64_b20cc8aeaed64fc2\nvsvc64.dll"	"Win32_PNPSignedDriverCIMDataFile"	"PCI\VEN_10DE&DEV_2D05&SUBSYS_8A151043&REV_A1\95B0EB63032DB04800"	"DriverStore"	"c:\windows\system32\driverstore\filerepository\nv_dispi.inf_amd64_b20cc8aeaed64fc2"	"C:\windows\system32\HostDriverStore\filerepository\nv_dispi.inf_amd64_b20cc8aeaed64fc2\nvsvc64.dll"	"C:\windows\system32\HostDriverStore\filerepository\nv_dispi.inf_amd64_b20cc8aeaed64fc2\nvsvc64.dll"	"True"	"892c2b6927b9c99593f8ee000b0f240543190652e243710c295ee6f3bcf571a4"	"2683112"	"32.0.16.1692"
"C:\windows\system32\driverstore\filerepository\nv_dispi.inf_amd64_b20cc8aeaed64fc2\nvsvcr.dll"	"Win32_PNPSignedDriverCIMDataFile"	"PCI\VEN_10DE&DEV_2D05&SUBSYS_8A151043&REV_A1\95B0EB63032DB04800"	"DriverStore"	"c:\windows\system32\driverstore\filerepository\nv_dispi.inf_amd64_b20cc8aeaed64fc2"	"C:\windows\system32\HostDriverStore\filerepository\nv_dispi.inf_amd64_b20cc8aeaed64fc2\nvsvcr.dll"	"C:\windows\system32\HostDriverStore\filerepository\nv_dispi.inf_amd64_b20cc8aeaed64fc2\nvsvcr.dll"	"True"	"eb92f9f5683f7de6fc559fb3316517b84a5bafb2567b211f06cf6f080760ce26"	"1801960"	"32.0.16.1692"
"C:\windows\system32\driverstore\filerepository\nv_dispi.inf_amd64_b20cc8aeaed64fc2\nvsvs.dll"	"Win32_PNPSignedDriverCIMDataFile"	"PCI\VEN_10DE&DEV_2D05&SUBSYS_8A151043&REV_A1\95B0EB63032DB04800"	"DriverStore"	"c:\windows\system32\driverstore\filerepository\nv_dispi.inf_amd64_b20cc8aeaed64fc2"	"C:\windows\system32\HostDriverStore\filerepository\nv_dispi.inf_amd64_b20cc8aeaed64fc2\nvsvs.dll"	"C:\windows\system32\HostDriverStore\filerepository\nv_dispi.inf_amd64_b20cc8aeaed64fc2\nvsvs.dll"	"True"	"fc28b97f269e6ce443eb4e3e65079bcff2ca767e88abaffd79569416d719d126"	"5118696"	"32.0.16.1692"
"C:\windows\system32\driverstore\filerepository\nv_dispi.inf_amd64_b20cc8aeaed64fc2\nvsvsr.dll"	"Win32_PNPSignedDriverCIMDataFile"	"PCI\VEN_10DE&DEV_2D05&SUBSYS_8A151043&REV_A1\95B0EB63032DB04800"	"DriverStore"	"c:\windows\system32\driverstore\filerepository\nv_dispi.inf_amd64_b20cc8aeaed64fc2"	"C:\windows\system32\HostDriverStore\filerepository\nv_dispi.inf_amd64_b20cc8aeaed64fc2\nvsvsr.dll"	"C:\windows\system32\HostDriverStore\filerepository\nv_dispi.inf_amd64_b20cc8aeaed64fc2\nvsvsr.dll"	"True"	"d5d525d90ab15aeab8025a77d0d51780a23e1c35301545b7969c71d8828fbc16"	"2012392"	"32.0.16.1692"
"C:\windows\system32\driverstore\filerepository\nv_dispi.inf_amd64_b20cc8aeaed64fc2\NvTelemetry64.dll"	"Win32_PNPSignedDriverCIMDataFile"	"PCI\VEN_10DE&DEV_2D05&SUBSYS_8A151043&REV_A1\95B0EB63032DB04800"	"DriverStore"	"c:\windows\system32\driverstore\filerepository\nv_dispi.inf_amd64_b20cc8aeaed64fc2"	"C:\windows\system32\HostDriverStore\filerepository\nv_dispi.inf_amd64_b20cc8aeaed64fc2\NvTelemetry64.dll"	"C:\windows\system32\HostDriverStore\filerepository\nv_dispi.inf_amd64_b20cc8aeaed64fc2\NvTelemetry64.dll"	"True"	"113e5e9998bdd1d446ec96c88e9ea7e1f3c7c454817dd5597c7cb6355e4552bd"	"7970024"	"19.6.0.0"
"C:\windows\system32\driverstore\filerepository\nv_dispi.inf_amd64_b20cc8aeaed64fc2\nvtileiras32.dll"	"Win32_PNPSignedDriverCIMDataFile"	"PCI\VEN_10DE&DEV_2D05&SUBSYS_8A151043&REV_A1\95B0EB63032DB04800"	"DriverStore"	"c:\windows\system32\driverstore\filerepository\nv_dispi.inf_amd64_b20cc8aeaed64fc2"	"C:\windows\system32\HostDriverStore\filerepository\nv_dispi.inf_amd64_b20cc8aeaed64fc2\nvtileiras32.dll"	"C:\windows\system32\HostDriverStore\filerepository\nv_dispi.inf_amd64_b20cc8aeaed64fc2\nvtileiras32.dll"	"True"	"a23c4ce835e5669b1637a21f2d3cbb5fa60a42b22c68ada1c07588abd70fbdfd"	"63593192"	
"C:\windows\system32\driverstore\filerepository\nv_dispi.inf_amd64_b20cc8aeaed64fc2\nvtileiras64.dll"	"Win32_PNPSignedDriverCIMDataFile"	"PCI\VEN_10DE&DEV_2D05&SUBSYS_8A151043&REV_A1\95B0EB63032DB04800"	"DriverStore"	"c:\windows\system32\driverstore\filerepository\nv_dispi.inf_amd64_b20cc8aeaed64fc2"	"C:\windows\system32\HostDriverStore\filerepository\nv_dispi.inf_amd64_b20cc8aeaed64fc2\nvtileiras64.dll"	"C:\windows\system32\HostDriverStore\filerepository\nv_dispi.inf_amd64_b20cc8aeaed64fc2\nvtileiras64.dll"	"True"	"7d5ae11f805b2de9e48e77cb71a7c16b38d9d47c451a4baa768acc61a7953c1b"	"81932008"	
"C:\windows\system32\driverstore\filerepository\nv_dispi.inf_amd64_b20cc8aeaed64fc2\nvui.dll"	"Win32_PNPSignedDriverCIMDataFile"	"PCI\VEN_10DE&DEV_2D05&SUBSYS_8A151043&REV_A1\95B0EB63032DB04800"	"DriverStore"	"c:\windows\system32\driverstore\filerepository\nv_dispi.inf_amd64_b20cc8aeaed64fc2"	"C:\windows\system32\HostDriverStore\filerepository\nv_dispi.inf_amd64_b20cc8aeaed64fc2\nvui.dll"	"C:\windows\system32\HostDriverStore\filerepository\nv_dispi.inf_amd64_b20cc8aeaed64fc2\nvui.dll"	"True"	"4fbbf3839d0f1a8ee3198163261ea22cd84b3f68abf59b2932468bd31491c358"	"6677224"	"8.17.16.1692"
"C:\windows\system32\driverstore\filerepository\nv_dispi.inf_amd64_b20cc8aeaed64fc2\nvuir.dll"	"Win32_PNPSignedDriverCIMDataFile"	"PCI\VEN_10DE&DEV_2D05&SUBSYS_8A151043&REV_A1\95B0EB63032DB04800"	"DriverStore"	"c:\windows\system32\driverstore\filerepository\nv_dispi.inf_amd64_b20cc8aeaed64fc2"	"C:\windows\system32\HostDriverStore\filerepository\nv_dispi.inf_amd64_b20cc8aeaed64fc2\nvuir.dll"	"C:\windows\system32\HostDriverStore\filerepository\nv_dispi.inf_amd64_b20cc8aeaed64fc2\nvuir.dll"	"True"	"b552474e834bec4db388084a3b16cdf3cfba0450de41f71f7f6e5465cf1538c1"	"2650344"	"8.17.16.1692"
"C:\windows\system32\driverstore\filerepository\nv_dispi.inf_amd64_b20cc8aeaed64fc2\nvvamanager64.dll"	"Win32_PNPSignedDriverCIMDataFile"	"PCI\VEN_10DE&DEV_2D05&SUBSYS_8A151043&REV_A1\95B0EB63032DB04800"	"DriverStore"	"c:\windows\system32\driverstore\filerepository\nv_dispi.inf_amd64_b20cc8aeaed64fc2"	"C:\windows\system32\HostDriverStore\filerepository\nv_dispi.inf_amd64_b20cc8aeaed64fc2\nvvamanager64.dll"	"C:\windows\system32\HostDriverStore\filerepository\nv_dispi.inf_amd64_b20cc8aeaed64fc2\nvvamanager64.dll"	"True"	"7fb43c3fe359c93b2651bbb4b617c72c2ece3ac8665bf5cbea0b3b3e410169e9"	"619240"	
"C:\windows\system32\driverstore\filerepository\nv_dispi.inf_amd64_b20cc8aeaed64fc2\nvvitvs.dll"	"Win32_PNPSignedDriverCIMDataFile"	"PCI\VEN_10DE&DEV_2D05&SUBSYS_8A151043&REV_A1\95B0EB63032DB04800"	"DriverStore"	"c:\windows\system32\driverstore\filerepository\nv_dispi.inf_amd64_b20cc8aeaed64fc2"	"C:\windows\system32\HostDriverStore\filerepository\nv_dispi.inf_amd64_b20cc8aeaed64fc2\nvvitvs.dll"	"C:\windows\system32\HostDriverStore\filerepository\nv_dispi.inf_amd64_b20cc8aeaed64fc2\nvvitvs.dll"	"True"	"263356f21ff99bbbafc370fe17f2d5c9e4603fd3bc173bdbe543ad792237c65a"	"7481064"	"32.0.16.1692"
"C:\windows\system32\driverstore\filerepository\nv_dispi.inf_amd64_b20cc8aeaed64fc2\nvvitvsr.dll"	"Win32_PNPSignedDriverCIMDataFile"	"PCI\VEN_10DE&DEV_2D05&SUBSYS_8A151043&REV_A1\95B0EB63032DB04800"	"DriverStore"	"c:\windows\system32\driverstore\filerepository\nv_dispi.inf_amd64_b20cc8aeaed64fc2"	"C:\windows\system32\HostDriverStore\filerepository\nv_dispi.inf_amd64_b20cc8aeaed64fc2\nvvitvsr.dll"	"C:\windows\system32\HostDriverStore\filerepository\nv_dispi.inf_amd64_b20cc8aeaed64fc2\nvvitvsr.dll"	"True"	"4af88e44b1b6b76bd3b3ae75485abd79e67824419a69fde1bc3c50aed19e802a"	"4264168"	"32.0.16.1692"
"C:\windows\system32\driverstore\filerepository\nv_dispi.inf_amd64_b20cc8aeaed64fc2\nv-vk32.json"	"Win32_PNPSignedDriverCIMDataFile"	"PCI\VEN_10DE&DEV_2D05&SUBSYS_8A151043&REV_A1\95B0EB63032DB04800"	"DriverStore"	"c:\windows\system32\driverstore\filerepository\nv_dispi.inf_amd64_b20cc8aeaed64fc2"	"C:\windows\system32\HostDriverStore\filerepository\nv_dispi.inf_amd64_b20cc8aeaed64fc2\nv-vk32.json"	"C:\windows\system32\HostDriverStore\filerepository\nv_dispi.inf_amd64_b20cc8aeaed64fc2\nv-vk32.json"	"True"	"3d822623893993b77ce952589d6d5ec8d887f252f2626f2c0deb9e5101095692"	"1189"	
"C:\windows\system32\driverstore\filerepository\nv_dispi.inf_amd64_b20cc8aeaed64fc2\nv-vk64.json"	"Win32_PNPSignedDriverCIMDataFile"	"PCI\VEN_10DE&DEV_2D05&SUBSYS_8A151043&REV_A1\95B0EB63032DB04800"	"DriverStore"	"c:\windows\system32\driverstore\filerepository\nv_dispi.inf_amd64_b20cc8aeaed64fc2"	"C:\windows\system32\HostDriverStore\filerepository\nv_dispi.inf_amd64_b20cc8aeaed64fc2\nv-vk64.json"	"C:\windows\system32\HostDriverStore\filerepository\nv_dispi.inf_amd64_b20cc8aeaed64fc2\nv-vk64.json"	"True"	"0ca52ae18a43e810c692c38a2607479415c4d04cbc4d8d99dbcfd1fa59f24119"	"1189"	
"C:\windows\system32\driverstore\filerepository\nv_dispi.inf_amd64_b20cc8aeaed64fc2\nv-vksc64.json"	"Win32_PNPSignedDriverCIMDataFile"	"PCI\VEN_10DE&DEV_2D05&SUBSYS_8A151043&REV_A1\95B0EB63032DB04800"	"DriverStore"	"c:\windows\system32\driverstore\filerepository\nv_dispi.inf_amd64_b20cc8aeaed64fc2"	"C:\windows\system32\HostDriverStore\filerepository\nv_dispi.inf_amd64_b20cc8aeaed64fc2\nv-vksc64.json"	"C:\windows\system32\HostDriverStore\filerepository\nv_dispi.inf_amd64_b20cc8aeaed64fc2\nv-vksc64.json"	"True"	"86804ca2e4a49fafe3ae48cf6babb11feb4ec71adec5c334485a490f4cd06fea"	"1189"	
"C:\windows\system32\driverstore\filerepository\nv_dispi.inf_amd64_b20cc8aeaed64fc2\nvvkscv64.dll"	"Win32_PNPSignedDriverCIMDataFile"	"PCI\VEN_10DE&DEV_2D05&SUBSYS_8A151043&REV_A1\95B0EB63032DB04800"	"DriverStore"	"c:\windows\system32\driverstore\filerepository\nv_dispi.inf_amd64_b20cc8aeaed64fc2"	"C:\windows\system32\HostDriverStore\filerepository\nv_dispi.inf_amd64_b20cc8aeaed64fc2\nvvkscv64.dll"	"C:\windows\system32\HostDriverStore\filerepository\nv_dispi.inf_amd64_b20cc8aeaed64fc2\nvvkscv64.dll"	"True"	"7885e2e4bd5a9ab01fca789a2a08b481103c903d11470cf4d9a2dac816dcabef"	"11831528"	"32.0.16.1692"
"C:\windows\system32\driverstore\filerepository\nv_dispi.inf_amd64_b20cc8aeaed64fc2\nvvm32.dll"	"Win32_PNPSignedDriverCIMDataFile"	"PCI\VEN_10DE&DEV_2D05&SUBSYS_8A151043&REV_A1\95B0EB63032DB04800"	"DriverStore"	"c:\windows\system32\driverstore\filerepository\nv_dispi.inf_amd64_b20cc8aeaed64fc2"	"C:\windows\system32\HostDriverStore\filerepository\nv_dispi.inf_amd64_b20cc8aeaed64fc2\nvvm32.dll"	"C:\windows\system32\HostDriverStore\filerepository\nv_dispi.inf_amd64_b20cc8aeaed64fc2\nvvm32.dll"	"True"	"844b104cac975342d3988fa54cd2cc7e0236a3192529f8b51f15100aa38669c2"	"60991720"	"32.0.16.1692"
"C:\windows\system32\driverstore\filerepository\nv_dispi.inf_amd64_b20cc8aeaed64fc2\nvvm64.dll"	"Win32_PNPSignedDriverCIMDataFile"	"PCI\VEN_10DE&DEV_2D05&SUBSYS_8A151043&REV_A1\95B0EB63032DB04800"	"DriverStore"	"c:\windows\system32\driverstore\filerepository\nv_dispi.inf_amd64_b20cc8aeaed64fc2"	"C:\windows\system32\HostDriverStore\filerepository\nv_dispi.inf_amd64_b20cc8aeaed64fc2\nvvm64.dll"	"C:\windows\system32\HostDriverStore\filerepository\nv_dispi.inf_amd64_b20cc8aeaed64fc2\nvvm64.dll"	"True"	"8eb304b31e2a4e4582162f94c1bbb8b78f18fd81f73bbbd225d55e54a991e92a"	"68280040"	"32.0.16.1692"
"C:\windows\system32\driverstore\filerepository\nv_dispi.inf_amd64_b20cc8aeaed64fc2\nvvm70.dll"	"Win32_PNPSignedDriverCIMDataFile"	"PCI\VEN_10DE&DEV_2D05&SUBSYS_8A151043&REV_A1\95B0EB63032DB04800"	"DriverStore"	"c:\windows\system32\driverstore\filerepository\nv_dispi.inf_amd64_b20cc8aeaed64fc2"	"C:\windows\system32\HostDriverStore\filerepository\nv_dispi.inf_amd64_b20cc8aeaed64fc2\nvvm70.dll"	"C:\windows\system32\HostDriverStore\filerepository\nv_dispi.inf_amd64_b20cc8aeaed64fc2\nvvm70.dll"	"True"	"b1f6527afb1eac480cb1d4602a211b9d717fae9433de52b509a0011ec3ebe8a6"	"18980072"	"6.14.11.9000"
"C:\windows\system32\driverstore\filerepository\nv_dispi.inf_amd64_b20cc8aeaed64fc2\nvwgf2um.dll"	"Win32_PNPSignedDriverCIMDataFile"	"PCI\VEN_10DE&DEV_2D05&SUBSYS_8A151043&REV_A1\95B0EB63032DB04800"	"DriverStore"	"c:\windows\system32\driverstore\filerepository\nv_dispi.inf_amd64_b20cc8aeaed64fc2"	"C:\windows\system32\HostDriverStore\filerepository\nv_dispi.inf_amd64_b20cc8aeaed64fc2\nvwgf2um.dll"	"C:\windows\system32\HostDriverStore\filerepository\nv_dispi.inf_amd64_b20cc8aeaed64fc2\nvwgf2um.dll"	"True"	"2163e4a6c86a8e86683723880bf79259192d1f8a8bc45de6b07b6785596d7a98"	"61414448"	"32.0.16.1692"
"C:\windows\system32\driverstore\filerepository\nv_dispi.inf_amd64_b20cc8aeaed64fc2\nvwgf2umx.dll"	"Win32_PNPSignedDriverCIMDataFile"	"PCI\VEN_10DE&DEV_2D05&SUBSYS_8A151043&REV_A1\95B0EB63032DB04800"	"DriverStore"	"c:\windows\system32\driverstore\filerepository\nv_dispi.inf_amd64_b20cc8aeaed64fc2"	"C:\windows\system32\HostDriverStore\filerepository\nv_dispi.inf_amd64_b20cc8aeaed64fc2\nvwgf2umx.dll"	"C:\windows\system32\HostDriverStore\filerepository\nv_dispi.inf_amd64_b20cc8aeaed64fc2\nvwgf2umx.dll"	"True"	"670a1c125f8c3851a1ae7d23c0390cd879e5b9d0a423d99eddff37a8e2774bff"	"91061504"	"32.0.16.1692"
"C:\windows\system32\driverstore\filerepository\nv_dispi.inf_amd64_b20cc8aeaed64fc2\NVWMI\nvPerfProvider.man"	"Win32_PNPSignedDriverCIMDataFile"	"PCI\VEN_10DE&DEV_2D05&SUBSYS_8A151043&REV_A1\95B0EB63032DB04800"	"DriverStore"	"c:\windows\system32\driverstore\filerepository\nv_dispi.inf_amd64_b20cc8aeaed64fc2"	"C:\windows\system32\HostDriverStore\filerepository\nv_dispi.inf_amd64_b20cc8aeaed64fc2\NVWMI\nvPerfProvider.man"	"C:\windows\system32\HostDriverStore\filerepository\nv_dispi.inf_amd64_b20cc8aeaed64fc2\NVWMI\nvPerfProvider.man"	"True"	"08d6d88f8ae9d495b39e4bc83ed0db20861b97b28d4bbf1503d3384bab4045f3"	"14175"	
"C:\windows\system32\driverstore\filerepository\nv_dispi.inf_amd64_b20cc8aeaed64fc2\NVWMI\nvWmi.mof"	"Win32_PNPSignedDriverCIMDataFile"	"PCI\VEN_10DE&DEV_2D05&SUBSYS_8A151043&REV_A1\95B0EB63032DB04800"	"DriverStore"	"c:\windows\system32\driverstore\filerepository\nv_dispi.inf_amd64_b20cc8aeaed64fc2"	"C:\windows\system32\HostDriverStore\filerepository\nv_dispi.inf_amd64_b20cc8aeaed64fc2\NVWMI\nvWmi.mof"	"C:\windows\system32\HostDriverStore\filerepository\nv_dispi.inf_amd64_b20cc8aeaed64fc2\NVWMI\nvWmi.mof"	"True"	"df1ef0f63dbab4ae32b7fc12cf0afba664990c66311ee3dc67fb627b9b285780"	"149007"	
"C:\windows\system32\driverstore\filerepository\nv_dispi.inf_amd64_b20cc8aeaed64fc2\NVWMI\nvWmi64.exe"	"Win32_PNPSignedDriverCIMDataFile"	"PCI\VEN_10DE&DEV_2D05&SUBSYS_8A151043&REV_A1\95B0EB63032DB04800"	"DriverStore"	"c:\windows\system32\driverstore\filerepository\nv_dispi.inf_amd64_b20cc8aeaed64fc2"	"C:\windows\system32\HostDriverStore\filerepository\nv_dispi.inf_amd64_b20cc8aeaed64fc2\NVWMI\nvWmi64.exe"	"C:\windows\system32\HostDriverStore\filerepository\nv_dispi.inf_amd64_b20cc8aeaed64fc2\NVWMI\nvWmi64.exe"	"True"	"32786e59aeaa91ac8e65111b081758e935cbccffb37fe9e79f28a64746ad1c47"	"4557544"	"2.36.0"
"C:\windows\system32\driverstore\filerepository\nv_dispi.inf_amd64_b20cc8aeaed64fc2\nvwss.dll"	"Win32_PNPSignedDriverCIMDataFile"	"PCI\VEN_10DE&DEV_2D05&SUBSYS_8A151043&REV_A1\95B0EB63032DB04800"	"DriverStore"	"c:\windows\system32\driverstore\filerepository\nv_dispi.inf_amd64_b20cc8aeaed64fc2"	"C:\windows\system32\HostDriverStore\filerepository\nv_dispi.inf_amd64_b20cc8aeaed64fc2\nvwss.dll"	"C:\windows\system32\HostDriverStore\filerepository\nv_dispi.inf_amd64_b20cc8aeaed64fc2\nvwss.dll"	"True"	"4b5207645e7eae07323490ad2dee8b44b6799e270bd61fadf13d7e6d26580f8f"	"12289256"	"32.0.16.1692"
"C:\windows\system32\driverstore\filerepository\nv_dispi.inf_amd64_b20cc8aeaed64fc2\nvwssr.dll"	"Win32_PNPSignedDriverCIMDataFile"	"PCI\VEN_10DE&DEV_2D05&SUBSYS_8A151043&REV_A1\95B0EB63032DB04800"	"DriverStore"	"c:\windows\system32\driverstore\filerepository\nv_dispi.inf_amd64_b20cc8aeaed64fc2"	"C:\windows\system32\HostDriverStore\filerepository\nv_dispi.inf_amd64_b20cc8aeaed64fc2\nvwssr.dll"	"C:\windows\system32\HostDriverStore\filerepository\nv_dispi.inf_amd64_b20cc8aeaed64fc2\nvwssr.dll"	"True"	"e1e899bc8ca3e47f3b97c6243c40fed32865bd629af67917fb842d06a3590e30"	"9530088"	"32.0.16.1692"
"C:\windows\system32\driverstore\filerepository\nv_dispi.inf_amd64_b20cc8aeaed64fc2\nvxdapix.dll"	"Win32_PNPSignedDriverCIMDataFile"	"PCI\VEN_10DE&DEV_2D05&SUBSYS_8A151043&REV_A1\95B0EB63032DB04800"	"DriverStore"	"c:\windows\system32\driverstore\filerepository\nv_dispi.inf_amd64_b20cc8aeaed64fc2"	"C:\windows\system32\HostDriverStore\filerepository\nv_dispi.inf_amd64_b20cc8aeaed64fc2\nvxdapix.dll"	"C:\windows\system32\HostDriverStore\filerepository\nv_dispi.inf_amd64_b20cc8aeaed64fc2\nvxdapix.dll"	"True"	"2f1b80c380fc28ed35b61cf7d9931f45ea8b6839e061ec0fec4ac064fd3eced0"	"9655016"	"8.17.16.1692"
"C:\windows\system32\driverstore\filerepository\nv_dispi.inf_amd64_b20cc8aeaed64fc2\nvxdbat.dll"	"Win32_PNPSignedDriverCIMDataFile"	"PCI\VEN_10DE&DEV_2D05&SUBSYS_8A151043&REV_A1\95B0EB63032DB04800"	"DriverStore"	"c:\windows\system32\driverstore\filerepository\nv_dispi.inf_amd64_b20cc8aeaed64fc2"	"C:\windows\system32\HostDriverStore\filerepository\nv_dispi.inf_amd64_b20cc8aeaed64fc2\nvxdbat.dll"	"C:\windows\system32\HostDriverStore\filerepository\nv_dispi.inf_amd64_b20cc8aeaed64fc2\nvxdbat.dll"	"True"	"6b4f845d3187817a85a7cd093070b0f6936e559b2fd34f279aabf7c3ef0c89ba"	"1660136"	"8.17.16.1692"
"C:\windows\system32\driverstore\filerepository\nv_dispi.inf_amd64_b20cc8aeaed64fc2\nvxdplcy.dll"	"Win32_PNPSignedDriverCIMDataFile"	"PCI\VEN_10DE&DEV_2D05&SUBSYS_8A151043&REV_A1\95B0EB63032DB04800"	"DriverStore"	"c:\windows\system32\driverstore\filerepository\nv_dispi.inf_amd64_b20cc8aeaed64fc2"	"C:\windows\system32\HostDriverStore\filerepository\nv_dispi.inf_amd64_b20cc8aeaed64fc2\nvxdplcy.dll"	"C:\windows\system32\HostDriverStore\filerepository\nv_dispi.inf_amd64_b20cc8aeaed64fc2\nvxdplcy.dll"	"True"	"31ca6539f5e4373721c06fd7920f29e8b72e5c103c553892432c56f9470fe2bf"	"1901800"	"8.17.16.1692"
"C:\windows\system32\driverstore\filerepository\nv_dispi.inf_amd64_b20cc8aeaed64fc2\OpenCL32.dll"	"whole service/associated package tree"	"PCI\VEN_10DE&DEV_2D05&SUBSYS_8A151043&REV_A1\95B0EB63032DB04800"	"DriverStore"	"c:\windows\system32\driverstore\filerepository\nv_dispi.inf_amd64_b20cc8aeaed64fc2"	"C:\windows\system32\HostDriverStore\filerepository\nv_dispi.inf_amd64_b20cc8aeaed64fc2\OpenCL32.dll"	"C:\windows\system32\HostDriverStore\filerepository\nv_dispi.inf_amd64_b20cc8aeaed64fc2\OpenCL32.dll"	"True"	"8a20c69c6a0716b509e32e9ba31bd7ecbc7697938f68459f1f6cb983da71065e"	"418024"	"3.0.6.0"
"C:\windows\system32\driverstore\filerepository\nv_dispi.inf_amd64_b20cc8aeaed64fc2\OpenCL64.dll"	"whole service/associated package tree"	"PCI\VEN_10DE&DEV_2D05&SUBSYS_8A151043&REV_A1\95B0EB63032DB04800"	"DriverStore"	"c:\windows\system32\driverstore\filerepository\nv_dispi.inf_amd64_b20cc8aeaed64fc2"	"C:\windows\system32\HostDriverStore\filerepository\nv_dispi.inf_amd64_b20cc8aeaed64fc2\OpenCL64.dll"	"C:\windows\system32\HostDriverStore\filerepository\nv_dispi.inf_amd64_b20cc8aeaed64fc2\OpenCL64.dll"	"True"	"094178f8dd1cd93068a3a7e72dc558ac8dbde193e534c7c478f45db3d082298b"	"540904"	"3.0.6.0"
"C:\windows\system32\driverstore\filerepository\nv_dispi.inf_amd64_b20cc8aeaed64fc2\ucodes_ga10x.bin"	"Win32_PNPSignedDriverCIMDataFile"	"PCI\VEN_10DE&DEV_2D05&SUBSYS_8A151043&REV_A1\95B0EB63032DB04800"	"DriverStore"	"c:\windows\system32\driverstore\filerepository\nv_dispi.inf_amd64_b20cc8aeaed64fc2"	"C:\windows\system32\HostDriverStore\filerepository\nv_dispi.inf_amd64_b20cc8aeaed64fc2\ucodes_ga10x.bin"	"C:\windows\system32\HostDriverStore\filerepository\nv_dispi.inf_amd64_b20cc8aeaed64fc2\ucodes_ga10x.bin"	"True"	"6d56802aaf58513a69b47a1dc123aeb078e486f245ea721381c43ad197782e10"	"58215936"	
"C:\windows\system32\driverstore\filerepository\nv_dispi.inf_amd64_b20cc8aeaed64fc2\ucodes_tu10x.bin"	"Win32_PNPSignedDriverCIMDataFile"	"PCI\VEN_10DE&DEV_2D05&SUBSYS_8A151043&REV_A1\95B0EB63032DB04800"	"DriverStore"	"c:\windows\system32\driverstore\filerepository\nv_dispi.inf_amd64_b20cc8aeaed64fc2"	"C:\windows\system32\HostDriverStore\filerepository\nv_dispi.inf_amd64_b20cc8aeaed64fc2\ucodes_tu10x.bin"	"C:\windows\system32\HostDriverStore\filerepository\nv_dispi.inf_amd64_b20cc8aeaed64fc2\ucodes_tu10x.bin"	"True"	"36aa927eda920fe2648503ae73797d5239dd8b31583f484e22c5869c642d68b1"	"8837632"	
"C:\windows\system32\driverstore\filerepository\nv_dispi.inf_amd64_b20cc8aeaed64fc2\vulkan-1-x64.dll"	"whole service/associated package tree"	"PCI\VEN_10DE&DEV_2D05&SUBSYS_8A151043&REV_A1\95B0EB63032DB04800"	"DriverStore"	"c:\windows\system32\driverstore\filerepository\nv_dispi.inf_amd64_b20cc8aeaed64fc2"	"C:\windows\system32\HostDriverStore\filerepository\nv_dispi.inf_amd64_b20cc8aeaed64fc2\vulkan-1-x64.dll"	"C:\windows\system32\HostDriverStore\filerepository\nv_dispi.inf_amd64_b20cc8aeaed64fc2\vulkan-1-x64.dll"	"True"	"7dbdb28b2a403c163b993b1f34699e6976f6868c3337e35725066c99632f86ff"	"1730096"	"1.4.341.0"
"C:\windows\system32\driverstore\filerepository\nv_dispi.inf_amd64_b20cc8aeaed64fc2\vulkan-1-x86.dll"	"whole service/associated package tree"	"PCI\VEN_10DE&DEV_2D05&SUBSYS_8A151043&REV_A1\95B0EB63032DB04800"	"DriverStore"	"c:\windows\system32\driverstore\filerepository\nv_dispi.inf_amd64_b20cc8aeaed64fc2"	"C:\windows\system32\HostDriverStore\filerepository\nv_dispi.inf_amd64_b20cc8aeaed64fc2\vulkan-1-x86.dll"	"C:\windows\system32\HostDriverStore\filerepository\nv_dispi.inf_amd64_b20cc8aeaed64fc2\vulkan-1-x86.dll"	"True"	"2867d8da9e8ddc6ea4233923792f4e580cbfa107a794845551b42392c2dea377"	"1542192"	"1.4.341.0"
"C:\windows\system32\driverstore\filerepository\nv_dispi.inf_amd64_b20cc8aeaed64fc2\vulkaninfo-x64.exe"	"whole service/associated package tree"	"PCI\VEN_10DE&DEV_2D05&SUBSYS_8A151043&REV_A1\95B0EB63032DB04800"	"DriverStore"	"c:\windows\system32\driverstore\filerepository\nv_dispi.inf_amd64_b20cc8aeaed64fc2"	"C:\windows\system32\HostDriverStore\filerepository\nv_dispi.inf_amd64_b20cc8aeaed64fc2\vulkaninfo-x64.exe"	"C:\windows\system32\HostDriverStore\filerepository\nv_dispi.inf_amd64_b20cc8aeaed64fc2\vulkaninfo-x64.exe"	"True"	"692ca13759b40a66585b9d28826caa0227e176ad1479bf4edd6b29efdb98c151"	"3082800"	"1.4.341.0"
"C:\windows\system32\driverstore\filerepository\nv_dispi.inf_amd64_b20cc8aeaed64fc2\vulkaninfo-x86.exe"	"whole service/associated package tree"	"PCI\VEN_10DE&DEV_2D05&SUBSYS_8A151043&REV_A1\95B0EB63032DB04800"	"DriverStore"	"c:\windows\system32\driverstore\filerepository\nv_dispi.inf_amd64_b20cc8aeaed64fc2"	"C:\windows\system32\HostDriverStore\filerepository\nv_dispi.inf_amd64_b20cc8aeaed64fc2\vulkaninfo-x86.exe"	"C:\windows\system32\HostDriverStore\filerepository\nv_dispi.inf_amd64_b20cc8aeaed64fc2\vulkaninfo-x86.exe"	"True"	"f90ba8981ad0bff77ede62cf83e741f159f988c88698a9aa5a4eaac71bf4bcab"	"2626608"	"1.4.341.0"
"C:\windows\system32\lxss\lib\libcuda.so"	"Win32_PNPSignedDriverCIMDataFile"	"PCI\VEN_10DE&DEV_2D05&SUBSYS_8A151043&REV_A1\95B0EB63032DB04800"	"non-DriverStore"	""	"C:\windows\system32\lxss\lib\libcuda.so"	""	"False"	"be76168f25c9ccf6ccb3164a2afe4b386806d8cbd4d98a6c90df1f62f2e75681"	"188024"	
"C:\windows\system32\lxss\lib\libcuda.so.1"	"Win32_PNPSignedDriverCIMDataFile"	"PCI\VEN_10DE&DEV_2D05&SUBSYS_8A151043&REV_A1\95B0EB63032DB04800"	"non-DriverStore"	""	"C:\windows\system32\lxss\lib\libcuda.so.1"	""	"False"	"be76168f25c9ccf6ccb3164a2afe4b386806d8cbd4d98a6c90df1f62f2e75681"	"188024"	
"C:\windows\system32\lxss\lib\libcuda.so.1.1"	"Win32_PNPSignedDriverCIMDataFile"	"PCI\VEN_10DE&DEV_2D05&SUBSYS_8A151043&REV_A1\95B0EB63032DB04800"	"non-DriverStore"	""	"C:\windows\system32\lxss\lib\libcuda.so.1.1"	""	"False"	"be76168f25c9ccf6ccb3164a2afe4b386806d8cbd4d98a6c90df1f62f2e75681"	"188024"	
"C:\windows\system32\lxss\lib\libcudadebugger.so.1"	"Win32_PNPSignedDriverCIMDataFile"	"PCI\VEN_10DE&DEV_2D05&SUBSYS_8A151043&REV_A1\95B0EB63032DB04800"	"non-DriverStore"	""	"C:\windows\system32\lxss\lib\libcudadebugger.so.1"	""	"False"	"de63fbee008abfbc8e92cbc8a5083d63d41b4982d6f13db34fd6951a1ecb6978"	"12198904"	
"C:\windows\system32\lxss\lib\libnvcuvid.so"	"Win32_PNPSignedDriverCIMDataFile"	"PCI\VEN_10DE&DEV_2D05&SUBSYS_8A151043&REV_A1\95B0EB63032DB04800"	"non-DriverStore"	""	"C:\windows\system32\lxss\lib\libnvcuvid.so"	""	"False"	"642b7f958bfd67c91c8a66ee8d276fc49678b934ccac53a2a83247bb0ff0c843"	"27446016"	
"C:\windows\system32\lxss\lib\libnvcuvid.so.1"	"Win32_PNPSignedDriverCIMDataFile"	"PCI\VEN_10DE&DEV_2D05&SUBSYS_8A151043&REV_A1\95B0EB63032DB04800"	"non-DriverStore"	""	"C:\windows\system32\lxss\lib\libnvcuvid.so.1"	""	"False"	"642b7f958bfd67c91c8a66ee8d276fc49678b934ccac53a2a83247bb0ff0c843"	"27446016"	
"C:\windows\system32\lxss\lib\libnvdxdlkernels.so"	"Win32_PNPSignedDriverCIMDataFile"	"PCI\VEN_10DE&DEV_2D05&SUBSYS_8A151043&REV_A1\95B0EB63032DB04800"	"non-DriverStore"	""	"C:\windows\system32\lxss\lib\libnvdxdlkernels.so"	""	"False"	"4a490cb2d3750ae705951ce0a2067d2a46c11d5fecce61a8509b88baa4001c07"	"154232352"	
"C:\windows\system32\lxss\lib\libnvidia-encode.so"	"Win32_PNPSignedDriverCIMDataFile"	"PCI\VEN_10DE&DEV_2D05&SUBSYS_8A151043&REV_A1\95B0EB63032DB04800"	"non-DriverStore"	""	"C:\windows\system32\lxss\lib\libnvidia-encode.so"	""	"False"	"29ce9a1cc38f556b74ecffafec75917c78869f1a6e19243b2ad3e971dc82a909"	"272512"	
"C:\windows\system32\lxss\lib\libnvidia-encode.so.1"	"Win32_PNPSignedDriverCIMDataFile"	"PCI\VEN_10DE&DEV_2D05&SUBSYS_8A151043&REV_A1\95B0EB63032DB04800"	"non-DriverStore"	""	"C:\windows\system32\lxss\lib\libnvidia-encode.so.1"	""	"False"	"29ce9a1cc38f556b74ecffafec75917c78869f1a6e19243b2ad3e971dc82a909"	"272512"	
"C:\windows\system32\lxss\lib\libnvidia-gpucomp.so"	"Win32_PNPSignedDriverCIMDataFile"	"PCI\VEN_10DE&DEV_2D05&SUBSYS_8A151043&REV_A1\95B0EB63032DB04800"	"non-DriverStore"	""	"C:\windows\system32\lxss\lib\libnvidia-gpucomp.so"	""	"False"	"b1bebad2833fda2ecd503ade1d5149c59d48cd3f65f6a1ea702bf19d67d28f4e"	"117883752"	
"C:\windows\system32\lxss\lib\libnvidia-ml.so.1"	"Win32_PNPSignedDriverCIMDataFile"	"PCI\VEN_10DE&DEV_2D05&SUBSYS_8A151043&REV_A1\95B0EB63032DB04800"	"non-DriverStore"	""	"C:\windows\system32\lxss\lib\libnvidia-ml.so.1"	""	"False"	"7cec8343ad7e445956292814b5c937d5058909db7b326377b479af2f6082f476"	"291000"	
"C:\windows\system32\lxss\lib\libnvidia-ngx.so.1"	"Win32_PNPSignedDriverCIMDataFile"	"PCI\VEN_10DE&DEV_2D05&SUBSYS_8A151043&REV_A1\95B0EB63032DB04800"	"non-DriverStore"	""	"C:\windows\system32\lxss\lib\libnvidia-ngx.so.1"	""	"False"	"25f4226a379fc44b41cd155fc3f33330f8a2694c1ca52ab472e41a9f39ebd6dc"	"5484728"	
"C:\windows\system32\lxss\lib\libnvidia-opticalflow.so"	"Win32_PNPSignedDriverCIMDataFile"	"PCI\VEN_10DE&DEV_2D05&SUBSYS_8A151043&REV_A1\95B0EB63032DB04800"	"non-DriverStore"	""	"C:\windows\system32\lxss\lib\libnvidia-opticalflow.so"	""	"False"	"a8037232557c9693f5735d22cc90718d4941598a95cdd686f31f6554f54f4be0"	"67608"	
"C:\windows\system32\lxss\lib\libnvidia-opticalflow.so.1"	"Win32_PNPSignedDriverCIMDataFile"	"PCI\VEN_10DE&DEV_2D05&SUBSYS_8A151043&REV_A1\95B0EB63032DB04800"	"non-DriverStore"	""	"C:\windows\system32\lxss\lib\libnvidia-opticalflow.so.1"	""	"False"	"a8037232557c9693f5735d22cc90718d4941598a95cdd686f31f6554f54f4be0"	"67608"	
"C:\windows\system32\lxss\lib\libnvoptix.so.1"	"Win32_PNPSignedDriverCIMDataFile"	"PCI\VEN_10DE&DEV_2D05&SUBSYS_8A151043&REV_A1\95B0EB63032DB04800"	"non-DriverStore"	""	"C:\windows\system32\lxss\lib\libnvoptix.so.1"	""	"False"	"27220ad592e1d4510086f0318b154117db3419e9915d36d605f51382c7a3f559"	"14224"	
"C:\windows\system32\lxss\lib\libnvwgf2umx.so"	"Win32_PNPSignedDriverCIMDataFile"	"PCI\VEN_10DE&DEV_2D05&SUBSYS_8A151043&REV_A1\95B0EB63032DB04800"	"non-DriverStore"	""	"C:\windows\system32\lxss\lib\libnvwgf2umx.so"	""	"False"	"d37c2d2c98aa3c5cd8e7836eec090056445097e70d590d0ec92a7419b15d588d"	"58435480"	
"C:\windows\system32\lxss\lib\nvidia-ngx-updater"	"Win32_PNPSignedDriverCIMDataFile"	"PCI\VEN_10DE&DEV_2D05&SUBSYS_8A151043&REV_A1\95B0EB63032DB04800"	"non-DriverStore"	""	"C:\windows\system32\lxss\lib\nvidia-ngx-updater"	""	"False"	"3bfd37c490e149224e92bff6ce5bfad2be61a8832d52a310a0c6a247a9f3c843"	"6174848"	
"C:\windows\system32\lxss\lib\nvidia-smi"	"Win32_PNPSignedDriverCIMDataFile"	"PCI\VEN_10DE&DEV_2D05&SUBSYS_8A151043&REV_A1\95B0EB63032DB04800"	"non-DriverStore"	""	"C:\windows\system32\lxss\lib\nvidia-smi"	""	"False"	"2053db04fbdb0862d099dd24828c7196a16ff00a722360d5d6b2a5d74044fdcb"	"848736"	
"C:\windows\system32\mcu.exe"	"Win32_PNPSignedDriverCIMDataFile"	"PCI\VEN_10DE&DEV_2D05&SUBSYS_8A151043&REV_A1\95B0EB63032DB04800"	"non-DriverStore"	""	"C:\windows\system32\mcu.exe"	""	"False"	"6cb8cc212214f2bec3da0b9350cafb45b6c68e2382bd6cef9684d2caa8a3f414"	"853736"	"1.1.5204.20580"
"C:\windows\system32\nvapi64.dll"	"Win32_PNPSignedDriverCIMDataFile"	"PCI\VEN_10DE&DEV_2D05&SUBSYS_8A151043&REV_A1\95B0EB63032DB04800"	"non-DriverStore"	""	"C:\windows\system32\nvapi64.dll"	""	"False"	"11f66428948436b666dfc987a8d3df4a0ca6293d10e4f9ddf7e40a10d759ef73"	"574040"	"32.0.16.1692"
"C:\windows\system32\nvcpl.dll"	"Win32_PNPSignedDriverCIMDataFile"	"PCI\VEN_10DE&DEV_2D05&SUBSYS_8A151043&REV_A1\95B0EB63032DB04800"	"non-DriverStore"	""	"C:\windows\system32\nvcpl.dll"	""	"False"	"f0e63e4627876a11774cd3ed35cce7ab4b75b2303674d1bea1ae58421bfed54f"	"5926120"	"8.17.16.1692"
"C:\windows\system32\nvcuda.dll"	"Win32_PNPSignedDriverCIMDataFile"	"PCI\VEN_10DE&DEV_2D05&SUBSYS_8A151043&REV_A1\95B0EB63032DB04800"	"non-DriverStore"	""	"C:\windows\system32\nvcuda.dll"	"C:\windows\system32\nvcuda.dll"	"False"	"f2b550e83f56b7b819efe382d712d125ee180341f012bd0aba2288320609a45a"	"4790504"	"32.0.16.1692"
"C:\windows\system32\nvcudadebugger.dll"	"Win32_PNPSignedDriverCIMDataFile"	"PCI\VEN_10DE&DEV_2D05&SUBSYS_8A151043&REV_A1\95B0EB63032DB04800"	"non-DriverStore"	""	"C:\windows\system32\nvcudadebugger.dll"	""	"False"	"f5e8ddb94b03e25b092d6d85d6165a53be471d9b89eaca7f4587d754665f1c1b"	"6052584"	"0.0.0.0"
"C:\windows\system32\nvcuvid.dll"	"Win32_PNPSignedDriverCIMDataFile"	"PCI\VEN_10DE&DEV_2D05&SUBSYS_8A151043&REV_A1\95B0EB63032DB04800"	"non-DriverStore"	""	"C:\windows\system32\nvcuvid.dll"	""	"False"	"b28bc3f70e60f59ad4b7de9404331350e36dd3a6f66329398238dd6dc6bea06f"	"32279784"	"7.17.16.1692"
"C:\windows\system32\nvdebugdump.exe"	"Win32_PNPSignedDriverCIMDataFile"	"PCI\VEN_10DE&DEV_2D05&SUBSYS_8A151043&REV_A1\95B0EB63032DB04800"	"non-DriverStore"	""	"C:\windows\system32\nvdebugdump.exe"	""	"False"	"8639307ffa53983d269acf551403f9f8a7dd063932effab92d4cb5355d816bd9"	"470760"	"6.14.16.1692"
"C:\windows\system32\nvencodeapi64.dll"	"Win32_PNPSignedDriverCIMDataFile"	"PCI\VEN_10DE&DEV_2D05&SUBSYS_8A151043&REV_A1\95B0EB63032DB04800"	"non-DriverStore"	""	"C:\windows\system32\nvencodeapi64.dll"	""	"False"	"06a9f8e8dfcc64c71f00735dd0063e8a69ea4fc1f2ca7b1469ca47bdaf12f00e"	"1077992"	"32.0.16.1692"
"C:\windows\system32\nvfbc64.dll"	"Win32_PNPSignedDriverCIMDataFile"	"PCI\VEN_10DE&DEV_2D05&SUBSYS_8A151043&REV_A1\95B0EB63032DB04800"	"non-DriverStore"	""	"C:\windows\system32\nvfbc64.dll"	""	"False"	"d68e931a078c7408f17d9ee221395d72451b6b055ac89ac5a5bc391922743087"	"2343144"	"6.14.16.1692"
"C:\windows\system32\nvidia-pcc.exe"	"Win32_PNPSignedDriverCIMDataFile"	"PCI\VEN_10DE&DEV_2D05&SUBSYS_8A151043&REV_A1\95B0EB63032DB04800"	"non-DriverStore"	""	"C:\windows\system32\nvidia-pcc.exe"	""	"False"	"7b653820724587f59700c36bed4a97a4fdcbf5b7a2707aab4b5bd4ae55b386ee"	"28185320"	
"C:\windows\system32\nvidia-smi.exe"	"Win32_PNPSignedDriverCIMDataFile"	"PCI\VEN_10DE&DEV_2D05&SUBSYS_8A151043&REV_A1\95B0EB63032DB04800"	"non-DriverStore"	""	"C:\windows\system32\nvidia-smi.exe"	""	"False"	"db001c00200843a7cf20a44346ef2580a1f0d737f0bcf6324707cd724f3aa5f1"	"1701608"	"8.17.16.1692"
"C:\windows\system32\nvifr64.dll"	"Win32_PNPSignedDriverCIMDataFile"	"PCI\VEN_10DE&DEV_2D05&SUBSYS_8A151043&REV_A1\95B0EB63032DB04800"	"non-DriverStore"	""	"C:\windows\system32\nvifr64.dll"	""	"False"	"cf8b4d5d546f09a0ab9ad8484e9941ccd0c6abc8a07497a4ce82035b361cebb6"	"1594600"	"6.14.16.1692"
"C:\windows\system32\nvinfo.pb"	"Win32_PNPSignedDriverCIMDataFile"	"PCI\VEN_10DE&DEV_2D05&SUBSYS_8A151043&REV_A1\95B0EB63032DB04800"	"non-DriverStore"	""	"C:\windows\system32\nvinfo.pb"	""	"False"	"a021434d05ab38357f07fab333802973105f4e7783c2486929560f4f78f0c4ca"	"176631"	
"C:\windows\system32\nvml.dll"	"Win32_PNPSignedDriverCIMDataFile"	"PCI\VEN_10DE&DEV_2D05&SUBSYS_8A151043&REV_A1\95B0EB63032DB04800"	"non-DriverStore"	""	"C:\windows\system32\nvml.dll"	""	"False"	"ac08344786840363012b31409a62529d6c53ef2658c68d190ba8c3f1fe7c24a2"	"1499368"	"8.17.16.1692"
"C:\windows\system32\nvofapi64.dll"	"Win32_PNPSignedDriverCIMDataFile"	"PCI\VEN_10DE&DEV_2D05&SUBSYS_8A151043&REV_A1\95B0EB63032DB04800"	"non-DriverStore"	""	"C:\windows\system32\nvofapi64.dll"	""	"False"	"a3376fd0054ffcba9d089e281a45620a4553e659df21c05d311d1c9f1d132ef5"	"685800"	"32.0.16.1692"
"C:\windows\system32\opencl.dll"	"Win32_PNPSignedDriverCIMDataFile"	"PCI\VEN_10DE&DEV_2D05&SUBSYS_8A151043&REV_A1\95B0EB63032DB04800"	"non-DriverStore"	""	"C:\windows\system32\opencl.dll"	""	"False"	"094178f8dd1cd93068a3a7e72dc558ac8dbde193e534c7c478f45db3d082298b"	"540904"	"3.0.6.0"
"C:\windows\system32\vulkan-1.dll"	"Win32_PNPSignedDriverCIMDataFile"	"PCI\VEN_10DE&DEV_2D05&SUBSYS_8A151043&REV_A1\95B0EB63032DB04800"	"non-DriverStore"	""	"C:\windows\system32\vulkan-1.dll"	""	"False"	"7dbdb28b2a403c163b993b1f34699e6976f6868c3337e35725066c99632f86ff"	"1730096"	"1.4.341.0"
"C:\windows\system32\vulkan-1-999-0-0-0.dll"	"Win32_PNPSignedDriverCIMDataFile"	"PCI\VEN_10DE&DEV_2D05&SUBSYS_8A151043&REV_A1\95B0EB63032DB04800"	"non-DriverStore"	""	"C:\windows\system32\vulkan-1-999-0-0-0.dll"	""	"False"	"7dbdb28b2a403c163b993b1f34699e6976f6868c3337e35725066c99632f86ff"	"1730096"	"1.4.341.0"
"C:\windows\system32\vulkaninfo.exe"	"Win32_PNPSignedDriverCIMDataFile"	"PCI\VEN_10DE&DEV_2D05&SUBSYS_8A151043&REV_A1\95B0EB63032DB04800"	"non-DriverStore"	""	"C:\windows\system32\vulkaninfo.exe"	""	"False"	"692ca13759b40a66585b9d28826caa0227e176ad1479bf4edd6b29efdb98c151"	"3082800"	"1.4.341.0"
"C:\windows\system32\vulkaninfo-1-999-0-0-0.exe"	"Win32_PNPSignedDriverCIMDataFile"	"PCI\VEN_10DE&DEV_2D05&SUBSYS_8A151043&REV_A1\95B0EB63032DB04800"	"non-DriverStore"	""	"C:\windows\system32\vulkaninfo-1-999-0-0-0.exe"	""	"False"	"692ca13759b40a66585b9d28826caa0227e176ad1479bf4edd6b29efdb98c151"	"3082800"	"1.4.341.0"
"C:\windows\syswow64\nvapi.dll"	"Win32_PNPSignedDriverCIMDataFile"	"PCI\VEN_10DE&DEV_2D05&SUBSYS_8A151043&REV_A1\95B0EB63032DB04800"	"non-DriverStore"	""	"C:\windows\syswow64\nvapi.dll"	""	"False"	"e8ef450efef1e2acb17e06cb62f828e7fd758ab86355419874a940508bd3de47"	"442640"	"32.0.16.1692"
"C:\windows\syswow64\nvcuda.dll"	"Win32_PNPSignedDriverCIMDataFile"	"PCI\VEN_10DE&DEV_2D05&SUBSYS_8A151043&REV_A1\95B0EB63032DB04800"	"non-DriverStore"	""	"C:\windows\syswow64\nvcuda.dll"	""	"False"	"cbd610b239ae131e5a6fa9e230b10f697581fdcd17f6717c16346c147ffa8d10"	"8488168"	"32.0.16.1692"
"C:\windows\syswow64\nvcuvid.dll"	"Win32_PNPSignedDriverCIMDataFile"	"PCI\VEN_10DE&DEV_2D05&SUBSYS_8A151043&REV_A1\95B0EB63032DB04800"	"non-DriverStore"	""	"C:\windows\syswow64\nvcuvid.dll"	""	"False"	"5f0f77c51640da6ca67bdc10ecec4d358d397ecdc974aa58db83e8a42fa3003d"	"20934376"	"7.17.16.1692"
"C:\windows\syswow64\nvencodeapi.dll"	"Win32_PNPSignedDriverCIMDataFile"	"PCI\VEN_10DE&DEV_2D05&SUBSYS_8A151043&REV_A1\95B0EB63032DB04800"	"non-DriverStore"	""	"C:\windows\syswow64\nvencodeapi.dll"	""	"False"	"2b1dd9b8a707a99b61da57b64b6e047415dc1bf68b33af140999e6b54a8f20ad"	"828136"	"32.0.16.1692"
"C:\windows\syswow64\nvfbc.dll"	"Win32_PNPSignedDriverCIMDataFile"	"PCI\VEN_10DE&DEV_2D05&SUBSYS_8A151043&REV_A1\95B0EB63032DB04800"	"non-DriverStore"	""	"C:\windows\syswow64\nvfbc.dll"	""	"False"	"e0b844916d7d1d2680df47b12b160a8672c01e160872c32dd1b8ba80aad8fa77"	"1734888"	"6.14.16.1692"
"C:\windows\syswow64\nvifr.dll"	"Win32_PNPSignedDriverCIMDataFile"	"PCI\VEN_10DE&DEV_2D05&SUBSYS_8A151043&REV_A1\95B0EB63032DB04800"	"non-DriverStore"	""	"C:\windows\syswow64\nvifr.dll"	""	"False"	"fe801aaf3597042a82707ea2060ce33435b4b6c1ae7047b68416beb989d634fe"	"1240808"	"6.14.16.1692"
"C:\windows\syswow64\nvofapi.dll"	"Win32_PNPSignedDriverCIMDataFile"	"PCI\VEN_10DE&DEV_2D05&SUBSYS_8A151043&REV_A1\95B0EB63032DB04800"	"non-DriverStore"	""	"C:\windows\syswow64\nvofapi.dll"	""	"False"	"dc215789a8f39c960ddac1d4918287d757cc75ad657e46ded8864ac1bf3e7888"	"513768"	"32.0.16.1692"
"C:\windows\syswow64\opencl.dll"	"Win32_PNPSignedDriverCIMDataFile"	"PCI\VEN_10DE&DEV_2D05&SUBSYS_8A151043&REV_A1\95B0EB63032DB04800"	"non-DriverStore"	""	"C:\windows\syswow64\opencl.dll"	""	"False"	"8a20c69c6a0716b509e32e9ba31bd7ecbc7697938f68459f1f6cb983da71065e"	"418024"	"3.0.6.0"
"C:\windows\syswow64\vulkan-1.dll"	"Win32_PNPSignedDriverCIMDataFile"	"PCI\VEN_10DE&DEV_2D05&SUBSYS_8A151043&REV_A1\95B0EB63032DB04800"	"non-DriverStore"	""	"C:\windows\syswow64\vulkan-1.dll"	""	"False"	"2867d8da9e8ddc6ea4233923792f4e580cbfa107a794845551b42392c2dea377"	"1542192"	"1.4.341.0"
"C:\windows\syswow64\vulkan-1-999-0-0-0.dll"	"Win32_PNPSignedDriverCIMDataFile"	"PCI\VEN_10DE&DEV_2D05&SUBSYS_8A151043&REV_A1\95B0EB63032DB04800"	"non-DriverStore"	""	"C:\windows\syswow64\vulkan-1-999-0-0-0.dll"	""	"False"	"2867d8da9e8ddc6ea4233923792f4e580cbfa107a794845551b42392c2dea377"	"1542192"	"1.4.341.0"
"C:\windows\syswow64\vulkaninfo.exe"	"Win32_PNPSignedDriverCIMDataFile"	"PCI\VEN_10DE&DEV_2D05&SUBSYS_8A151043&REV_A1\95B0EB63032DB04800"	"non-DriverStore"	""	"C:\windows\syswow64\vulkaninfo.exe"	""	"False"	"f90ba8981ad0bff77ede62cf83e741f159f988c88698a9aa5a4eaac71bf4bcab"	"2626608"	"1.4.341.0"
"C:\windows\syswow64\vulkaninfo-1-999-0-0-0.exe"	"Win32_PNPSignedDriverCIMDataFile"	"PCI\VEN_10DE&DEV_2D05&SUBSYS_8A151043&REV_A1\95B0EB63032DB04800"	"non-DriverStore"	""	"C:\windows\syswow64\vulkaninfo-1-999-0-0-0.exe"	""	"False"	"f90ba8981ad0bff77ede62cf83e741f159f988c88698a9aa5a4eaac71bf4bcab"	"2626608"	"1.4.341.0"
